timestamp,open,high,low,close,volume
1757016000000,148.485,148.55,148.437,148.477,2565.79
1757019600000,148.479,148.5,148.368,148.402,779.77
1757023200000,148.402,148.513,148.402,148.478,1886.78
1757026800000,148.477,148.505,148.33,148.422,3755.92
1757030400000,148.419,148.438,148.127,148.171,7997.51
1757034000000,148.172,148.264,148.089,148.142,5805.67
1757037600000,148.141,148.18,148.08,148.178,2595.46
1757041200000,148.184,148.206,148.111,148.176,2438.72
1757044800000,148.174,148.237,148.167,148.218,2614.04
1757048400000,148.218,148.218,148.17,148.171,3175.04
1757052000000,148.173,148.273,148.147,148.234,5371.93
1757055600000,148.232,148.256,148.191,148.212,4729.97
1757059200000,148.213,148.223,148.113,148.162,4380.9
1757062800000,148.16,148.188,148.087,148.173,3531.02
1757066400000,148.17,148.185,148.08,148.145,3510.76
1757070000000,148.148,148.251,148.134,148.197,4744.82
1757073600000,148.198,148.198,147.178,147.297,29407.75
1757077200000,147.297,147.467,147.039,147.058,23716.83
1757080800000,147.054,147.206,146.991,147.078,17874.17
1757084400000,147.077,147.084,146.816,146.839,11109.08
1757088000000,146.842,147.151,146.822,147.139,7744.25
1757091600000,147.139,147.303,147.131,147.273,6889.28
1757095200000,147.274,147.485,147.263,147.464,4754.67
1757098800000,147.464,147.502,147.373,147.465,6726.0
1757102400000,147.465,147.505,147.333,147.392,9031.59
1757278800000,148.088,148.206,147.913,147.932,1567.03
1757282400000,147.951,148.47,147.926,148.43,7036.36
1757286000000,148.43,148.452,148.209,148.315,6718.26
1757289600000,148.315,148.576,148.296,148.339,9555.09
1757293200000,148.337,148.386,148.12,148.14,6977.0
1757296800000,148.138,148.151,148.003,148.08,5064.86
1757300400000,148.081,148.222,148.019,148.2,3948.93
1757304000000,148.202,148.253,148.11,148.161,4265.25
1757307600000,148.168,148.178,148.004,148.138,4144.48
1757311200000,148.132,148.161,147.803,147.825,8230.84
1757314800000,147.826,147.833,147.514,147.531,9192.2
1757318400000,147.531,147.737,147.465,147.687,6813.55
1757322000000,147.686,147.77,147.666,147.752,5080.45
1757325600000,147.75,147.878,147.747,147.804,5144.5
1757329200000,147.802,147.819,147.675,147.777,5612.32
1757332800000,147.778,147.879,147.652,147.695,7171.74
1757336400000,147.696,147.741,147.539,147.676,9805.48
1757340000000,147.675,147.873,147.624,147.748,9829.48
1757343600000,147.749,147.765,147.542,147.589,7962.84
1757347200000,147.589,147.777,147.553,147.686,4957.53
1757350800000,147.688,147.766,147.672,147.729,3979.84
1757354400000,147.731,147.731,147.446,147.459,4314.57
1757358000000,147.46,147.473,147.34,147.417,4400.96
1757361600000,147.418,147.539,147.379,147.505,2643.22
1757365200000,147.476,147.524,147.434,147.487,1264.4
1757368800000,147.481,147.511,147.387,147.41,1979.0
1757372400000,147.405,147.419,147.213,147.373,3768.65
1757376000000,147.374,147.431,147.156,147.342,9033.14
1757379600000,147.345,147.398,147.199,147.237,7163.0
1757383200000,147.238,147.341,147.211,147.334,4048.02
1757386800000,147.337,147.402,147.32,147.363,3198.9
1757390400000,147.365,147.376,147.095,147.127,4504.48
1757394000000,147.127,147.132,146.846,146.856,4798.81
1757397600000,146.853,147.134,146.817,147.051,5781.62
1757401200000,147.048,147.315,146.998,147.207,6267.43
1757404800000,147.209,147.333,146.56,146.624,15809.02
1757408400000,146.621,146.621,146.309,146.348,9446.94
1757412000000,146.345,146.52,146.326,146.469,5355.64
1757415600000,146.47,146.764,146.462,146.73,5550.4
1757419200000,146.73,147.007,146.726,146.924,11094.11
1757422800000,146.921,146.966,146.777,146.864,10874.14
1757426400000,146.863,147.133,146.52,147.096,22995.78
1757430000000,147.096,147.349,147.096,147.237,11793.37
1757433600000,147.236,147.336,147.18,147.271,6196.63
1757437200000,147.271,147.361,147.236,147.354,5021.66
1757440800000,147.354,147.432,147.315,147.4,4276.5
1757444400000,147.401,147.462,147.391,147.445,2500.23
1757448000000,147.446,147.469,147.395,147.405,2535.39
1757451600000,147.404,147.404,147.206,147.38,1206.57
1757455200000,147.38,147.415,147.339,147.355,1785.66
1757458800000,147.353,147.451,147.336,147.393,1821.84
1757462400000,147.391,147.476,147.37,147.422,6545.24
1757466000000,147.423,147.571,147.331,147.394,6524.13
1757469600000,147.394,147.412,147.297,147.3,3511.07
1757473200000,147.301,147.399,147.269,147.394,2522.1
1757476800000,147.394,147.459,147.324,147.326,4477.1
1757480400000,147.326,147.485,147.281,147.426,3475.5
1757484000000,147.426,147.586,147.335,147.568,6798.75
1757487600000,147.567,147.57,147.393,147.497,8093.21
1757491200000,147.499,147.556,147.393,147.517,5996.32
1757494800000,147.517,147.541,147.395,147.423,4793.64
1757498400000,147.424,147.483,147.396,147.476,4338.41
1757502000000,147.476,147.543,147.445,147.513,6693.77
1757505600000,147.513,147.647,147.084,147.527,15441.53
1757509200000,147.529,147.604,147.274,147.34,14583.1
1757512800000,147.342,147.427,147.262,147.402,10519.69
1757516400000,147.404,147.44,147.314,147.37,5901.31
1757520000000,147.371,147.412,147.279,147.373,5156.21
1757523600000,147.371,147.391,147.245,147.331,4721.27
1757527200000,147.332,147.353,147.247,147.325,4787.53
1757530800000,147.321,147.467,147.314,147.413,3646.9
1757534400000,147.413,147.463,147.38,147.454,1908.92
1757538000000,147.454,147.454,147.316,147.36,1020.53
1757541600000,147.362,147.422,147.341,147.344,1035.42
1757545200000,147.342,147.377,147.28,147.351,2040.92
1757548800000,147.355,147.467,147.344,147.458,5629.43
1757552400000,147.459,147.477,147.321,147.388,5130.72
1757556000000,147.388,147.479,147.375,147.462,2400.1
1757559600000,147.463,147.476,147.431,147.444,3481.58
1757563200000,147.445,147.455,147.414,147.433,1651.42
1757566800000,147.434,147.585,147.427,147.58,2074.02
1757570400000,147.581,147.79,147.561,147.723,6599.8
1757574000000,147.724,147.832,147.653,147.778,6618.13
1757577600000,147.776,147.863,147.769,147.849,4335.87
1757581200000,147.849,147.99,147.839,147.96,4552.79
1757584800000,147.962,147.987,147.898,147.969,3542.34
1757588400000,147.971,147.987,147.901,147.968,3856.82
1757592000000,147.966,148.179,147.36,147.528,21815.64
1757595600000,147.528,147.62,147.331,147.359,18881.23
1757599200000,147.36,147.377,146.991,147.186,16824.57
1757602800000,147.185,147.308,147.054,147.169,9731.29
1757606400000,147.167,147.169,146.985,147.058,6039.91
1757610000000,147.055,147.303,147.05,147.289,6405.87
1757613600000,147.286,147.306,147.147,147.174,4462.02
1757617200000,147.175,147.192,147.085,147.163,5181.89
1757620800000,147.165,147.243,147.119,147.201,3825.75
1757624400000,147.2,147.21,147.021,147.161,535.57
1757628000000,147.179,147.227,147.119,147.18,1444.08
1757631600000,147.184,147.237,147.146,147.229,2127.63
1757635200000,147.226,147.338,147.166,147.231,6696.53
1757638800000,147.229,147.447,147.215,147.415,5527.19
1757642400000,147.412,147.477,147.398,147.421,4579.31
1757646000000,147.421,147.479,147.421,147.445,2675.93
1757649600000,147.446,147.545,147.446,147.502,3225.18
1757653200000,147.503,147.553,147.33,147.347,2916.02
1757656800000,147.346,147.506,147.324,147.408,5282.97
1757660400000,147.407,147.483,147.241,147.455,7088.07
1757664000000,147.457,147.926,147.452,147.896,13151.07
1757667600000,147.897,147.982,147.857,147.927,6552.19
1757671200000,147.927,147.938,147.742,147.751,4854.81
1757674800000,147.752,147.855,147.684,147.838,5849.91
1757678400000,147.837,148.072,147.809,147.861,9341.29
1757682000000,147.85,147.886,147.697,147.719,9794.33
1757685600000,147.728,147.761,147.588,147.668,10188.52
1757689200000,147.667,147.863,147.651,147.856,7472.86
1757692800000,147.855,147.875,147.628,147.685,4167.14
1757696400000,147.684,147.684,147.514,147.559,4232.06
1757700000000,147.558,147.561,147.47,147.487,3966.58
1757703600000,147.486,147.608,147.461,147.583,3117.98
1757707200000,147.582,147.721,147.576,147.645,3664.42
1757883600000,147.403,147.672,147.367,147.607,454.3
1757887200000,147.761,147.776,147.644,147.711,1839.69
1757890800000,147.706,147.726,147.626,147.675,1672.77
1757894400000,147.677,147.689,147.546,147.549,3186.13
1757898000000,147.55,147.586,147.539,147.574,3380.64
1757901600000,147.575,147.61,147.507,147.516,2445.55
1757905200000,147.516,147.516,147.4,147.428,2497.08
1757908800000,147.427,147.453,147.339,147.403,2026.42
1757912400000,147.401,147.519,147.392,147.511,2065.55
1757916000000,147.51,147.607,147.496,147.53,4615.52
1757919600000,147.531,147.593,147.374,147.468,6867.11
1757923200000,147.469,147.483,147.377,147.409,4824.47
1757926800000,147.408,147.429,147.308,147.366,4116.6
1757930400000,147.367,147.406,147.246,147.392,3083.52
1757934000000,147.392,147.478,147.322,147.416,3178.36
1757937600000,147.417,147.417,147.249,147.27,6956.9
1757941200000,147.269,147.353,147.232,147.347,7176.28
1757944800000,147.349,147.468,147.348,147.417,6487.36
1757948400000,147.421,147.435,147.27,147.272,4268.82
1757952000000,147.273,147.416,147.244,147.338,4882.72
1757955600000,147.337,147.371,147.242,147.254,3799.85
1757959200000,147.254,147.327,147.24,147.324,3676.83
1757962800000,147.323,147.413,147.314,147.388,2228.75
1757966400000,147.388,147.43,147.366,147.377,2889.62
1757970000000,147.378,147.378,147.281,147.326,1005.98
1757973600000,147.325,147.401,147.325,147.394,1047.0
1757977200000,147.395,147.426,147.334,147.401,1892.61
1757980800000,147.406,147.502,147.348,147.441,5658.8
1757984400000,147.44,147.538,147.262,147.352,5688.4
1757988000000,147.353,147.353,147.117,147.152,6118.68
1757991600000,147.152,147.198,147.018,147.099,4995.89
1757995200000,147.099,147.128,146.969,147.013,4785.5
1757998800000,147.014,147.071,146.917,146.993,4769.3
1758002400000,146.995,147.025,146.78,146.897,8882.07
1758006000000,146.894,146.899,146.691,146.889,7827.49
1758009600000,146.891,147.092,146.876,146.998,6701.06
1758013200000,146.997,147.005,146.867,146.96,7187.13
1758016800000,146.96,147.09,146.947,147.054,5438.52
1758020400000,147.054,147.114,146.875,146.954,7186.96
1758024000000,146.954,147.255,146.906,147.098,13790.14
1758027600000,147.096,147.137,146.735,146.76,13380.87
1758031200000,146.759,146.804,146.521,146.526,15913.19
1758034800000,146.527,146.682,146.502,146.557,8951.56
1758038400000,146.558,146.563,146.349,146.356,5972.82
1758042000000,146.354,146.4,146.277,146.376,6776.2
1758045600000,146.375,146.397,146.325,146.342,5564.8
1758049200000,146.343,146.498,146.343,146.494,5388.65
1758052800000,146.494,146.506,146.441,146.477,4421.77
1758056400000,146.473,146.541,146.371,146.44,1025.5
1758060000000,146.439,146.517,146.422,146.492,1009.59
1758063600000,146.49,146.495,146.311,146.412,2739.47
1758067200000,146.411,146.568,146.209,146.534,8475.93
1758070800000,146.536,146.604,146.429,146.498,6546.59
1758074400000,146.499,146.59,146.493,146.537,3769.11
1758078000000,146.536,146.563,146.476,146.532,3123.22
1758081600000,146.532,146.544,146.435,146.455,1901.43
1758085200000,146.46,146.552,146.37,146.514,3990.47
1758088800000,146.512,146.544,146.463,146.498,6242.97
1758092400000,146.5,146.68,146.478,146.666,7807.37
1758096000000,146.666,146.682,146.374,146.45,6265.5
1758099600000,146.45,146.454,146.277,146.318,5231.62
1758103200000,146.32,146.389,146.205,146.273,6188.56
1758106800000,146.271,146.342,146.224,146.338,4355.41
1758110400000,146.337,146.478,146.32,146.378,7395.64
1758114000000,146.379,146.401,146.244,146.336,7308.05
1758117600000,146.337,146.392,146.207,146.341,6992.35
1758121200000,146.342,146.385,146.303,146.36,6044.29
1758124800000,146.362,146.376,146.254,146.287,4107.0
1758128400000,146.288,146.368,146.249,146.249,5790.76
1758132000000,146.242,146.856,145.481,146.714,46367.87
1758135600000,146.711,146.844,146.442,146.777,20997.39
1758139200000,146.776,147.048,146.752,146.939,5761.33
1758142800000,146.941,146.941,146.841,146.919,1566.84
1758146400000,146.919,146.983,146.793,146.837,3500.12
1758150000000,146.835,146.909,146.768,146.883,3992.68
1758153600000,146.88,147.028,146.851,146.913,8750.96
1758157200000,146.914,147.147,146.845,147.025,9885.66
1758160800000,147.024,147.069,146.895,146.906,4692.87
1758164400000,146.902,147.052,146.853,147.051,3996.99
1758168000000,147.052,147.22,147.039,147.204,4588.63
1758171600000,147.207,147.405,147.169,147.352,5398.8
1758175200000,147.35,147.532,147.332,147.41,11126.96
1758178800000,147.407,147.426,147.026,147.117,11439.96
1758182400000,147.116,147.488,147.1,147.433,11985.91
1758186000000,147.432,147.453,147.159,147.275,8608.94
1758189600000,147.273,147.371,147.225,147.262,5573.18
1758193200000,147.26,147.423,147.215,147.384,10490.55
1758196800000,147.384,147.801,147.367,147.786,13692.31
1758200400000,147.791,148.267,147.791,148.058,20392.65
1758204000000,148.059,148.127,147.902,148.013,15664.73
1758207600000,148.012,148.08,147.904,148.022,11386.64
1758211200000,148.023,148.042,147.856,147.866,21079.77
1758214800000,147.866,147.893,147.804,147.873,6371.77
1758218400000,147.875,147.929,147.826,147.88,4075.14
1758222000000,147.88,147.96,147.844,147.95,4168.71
1758225600000,147.951,148.015,147.945,147.987,4252.04
1758229200000,147.991,147.991,147.831,147.942,1033.14
1758232800000,147.958,147.98,147.905,147.94,2867.83
1758236400000,147.945,148.004,147.936,147.963,1515.33
1758240000000,147.966,148.113,147.892,148.007,5728.24
1758243600000,148.008,148.094,147.934,148.062,5260.85
1758247200000,148.062,148.103,147.95,147.99,3872.24
1758250800000,147.982,147.992,147.369,147.622,10338.92
1758254400000,147.623,147.626,147.197,147.523,14051.82
1758258000000,147.523,147.58,147.415,147.511,9567.67
1758261600000,147.51,147.988,147.467,147.851,15896.06
1758265200000,147.848,147.956,147.666,147.934,11642.45
1758268800000,147.932,148.032,147.81,147.855,8913.89
1758272400000,147.855,147.982,147.754,147.955,5878.47
1758276000000,147.957,147.973,147.854,147.941,4924.46
1758279600000,147.94,148.197,147.931,148.164,7478.05
1758283200000,148.163,148.281,148.014,148.16,10199.56
1758286800000,148.159,148.159,147.805,147.832,12881.68
1758290400000,147.834,147.923,147.789,147.887,11483.58
1758294000000,147.887,147.951,147.827,147.836,8650.0
1758297600000,147.833,147.926,147.795,147.849,4393.25
1758301200000,147.85,147.951,147.844,147.943,4211.4
1758304800000,147.943,147.975,147.918,147.962,3005.71
1758308400000,147.962,147.995,147.919,147.939,3565.28
1758312000000,147.94,147.993,147.892,147.892,4643.28
1758488400000,147.867,147.926,147.851,147.882,174.58
1758492000000,147.891,148.013,147.871,147.99,1379.82
1758495600000,147.989,148.11,147.975,148.099,2048.5
1758499200000,148.105,148.257,148.103,148.162,8048.2
1758502800000,148.159,148.215,148.09,148.191,7617.0
1758506400000,148.192,148.353,148.181,148.348,6346.4
1758510000000,148.352,148.376,148.302,148.336,3382.23
1758513600000,148.338,148.368,148.274,148.287,3534.4
1758517200000,148.287,148.305,148.222,148.253,2408.25
1758520800000,148.256,148.258,147.996,148.076,6332.02
1758524400000,148.076,148.132,147.893,148.115,8858.28
1758528000000,148.116,148.127,147.816,147.854,7938.8
1758531600000,147.853,147.944,147.798,147.876,5797.79
1758535200000,147.877,147.931,147.821,147.857,5428.32
1758538800000,147.859,147.907,147.739,147.842,6008.25
1758542400000,147.842,147.93,147.76,147.841,8770.13
1758546000000,147.839,147.964,147.73,147.819,11786.59
1758549600000,147.818,147.983,147.814,147.877,10422.23
1758553200000,147.878,147.902,147.819,147.837,6365.01
1758556800000,147.837,147.886,147.735,147.741,5767.71
1758560400000,147.739,147.78,147.658,147.684,3805.37
1758564000000,147.684,147.773,147.66,147.729,4815.97
1758567600000,147.727,147.737,147.689,147.735,3114.14
1758571200000,147.733,147.779,147.701,147.702,3377.08
1758574800000,147.702,147.81,147.65,147.701,624.22
1758578400000,147.716,147.739,147.661,147.699,1011.94
1758582000000,147.697,147.767,147.681,147.73,1777.22
1758585600000,147.731,147.766,147.651,147.668,3384.71
1758589200000,147.666,147.701,147.599,147.62,3800.75
1758592800000,147.619,147.814,147.609,147.797,4502.2
1758596400000,147.798,147.865,147.747,147.759,3825.52
1758600000000,147.756,147.813,147.731,147.798,1821.45
1758603600000,147.799,147.839,147.738,147.8,2868.27
1758607200000,147.801,147.834,147.635,147.719,4885.54
1758610800000,147.718,147.821,147.645,147.729,7537.67
1758614400000,147.728,147.776,147.534,147.565,7689.3
1758618000000,147.565,147.624,147.508,147.609,5048.14
1758621600000,147.608,147.768,147.58,147.716,5460.99
1758625200000,147.717,147.795,147.687,147.765,5316.49
1758628800000,147.763,147.884,147.756,147.774,8455.16
1758632400000,147.77,147.886,147.668,147.674,10593.74
1758636000000,147.674,147.801,147.616,147.762,10455.59
1758639600000,147.763,147.925,147.749,147.841,6511.95
1758643200000,147.838,147.926,147.686,147.772,8379.22
1758646800000,147.771,147.773,147.491,147.58,8629.0
1758650400000,147.578,147.623,147.459,147.58,7458.45
1758654000000,147.582,147.631,147.551,147.631,5511.2
1758657600000,147.632,147.673,147.586,147.616,3892.37
1758661200000,147.615,147.647,147.505,147.551,1558.76
1758664800000,147.545,147.629,147.541,147.613,1505.92
1758668400000,147.61,147.664,147.575,147.602,2005.18
1758672000000,147.601,147.828,147.517,147.776,7153.15
1758675600000,147.774,147.812,147.714,147.754,7195.79
1758679200000,147.755,147.789,147.722,147.771,3435.85
1758682800000,147.77,147.877,147.76,147.871,2841.18
1758686400000,147.873,147.961,147.873,147.903,2868.34
1758690000000,147.904,147.94,147.816,147.877,4030.84
1758693600000,147.875,148.106,147.87,148.058,4811.94
1758697200000,148.057,148.099,148.005,148.042,4958.63
1758700800000,148.041,148.292,148.015,148.264,6892.31
1758704400000,148.262,148.344,148.212,148.28,5705.8
1758708000000,148.28,148.421,148.28,148.395,3901.77
1758711600000,148.393,148.517,148.379,148.5,5721.64
1758715200000,148.501,148.714,148.43,148.67,8708.87
1758718800000,148.671,148.775,148.614,148.709,10354.73
1758722400000,148.704,148.78,148.591,148.711,13042.97
1758726000000,148.71,148.774,148.694,148.711,17074.95
1758729600000,148.71,148.792,148.687,148.764,9904.24
1758733200000,148.764,148.767,148.705,148.739,6943.31
1758736800000,148.741,148.872,148.737,148.84,3925.54
1758740400000,148.84,148.888,148.833,148.86,3970.2
1758744000000,148.859,148.915,148.855,148.895,2271.83
1758747600000,148.892,148.892,148.714,148.768,694.21
1758751200000,148.768,148.849,148.768,148.805,1343.0
1758754800000,148.804,148.833,148.723,148.779,2912.24
1758758400000,148.783,148.792,148.562,148.57,7132.19
1758762000000,148.574,148.859,148.558,148.754,5002.85
1758765600000,148.753,148.758,148.616,148.751,3579.68
1758769200000,148.751,148.774,148.657,148.672,2358.4
1758772800000,148.671,148.7,148.599,148.602,2614.21
1758776400000,148.602,148.813,148.596,148.809,3678.06
1758780000000,148.812,148.86,148.729,148.782,5538.94
1758783600000,148.781,148.827,148.635,148.82,7274.05
1758787200000,148.82,148.823,148.663,148.741,6974.54
1758790800000,148.741,148.812,148.685,148.792,5271.08
1758794400000,148.794,148.799,148.726,148.798,3380.5
1758798000000,148.8,148.892,148.795,148.837,6205.97
1758801600000,148.838,149.355,148.801,149.243,18374.49
1758805200000,149.243,149.476,149.143,149.425,16187.96
1758808800000,149.427,149.636,149.341,149.636,15864.84
1758812400000,149.637,149.841,149.625,149.787,11277.5
1758816000000,149.788,149.866,149.709,149.813,8096.05
1758819600000,149.814,149.918,149.76,149.805,7501.77
1758823200000,149.805,149.928,149.728,149.888,7339.56
1758826800000,149.887,149.897,149.725,149.771,5365.93
1758830400000,149.77,149.811,149.745,149.782,2490.87
1758834000000,149.784,149.809,149.723,149.743,877.18
1758837600000,149.741,149.805,149.724,149.738,1389.11
1758841200000,149.737,149.955,149.731,149.875,5439.1
1758844800000,149.874,149.945,149.636,149.682,9980.75
1758848400000,149.683,149.848,149.632,149.828,7154.36
1758852000000,149.826,149.832,149.69,149.721,4359.51
1758855600000,149.72,149.744,149.671,149.704,2733.37
1758859200000,149.705,149.73,149.643,149.644,3192.4
1758862800000,149.646,149.721,149.615,149.71,3309.87
1758866400000,149.71,149.798,149.694,149.722,6092.71
1758870000000,149.723,149.884,149.723,149.847,6965.37
1758873600000,149.848,149.848,149.65,149.751,5128.08
1758877200000,149.751,149.796,149.711,149.786,4940.35
1758880800000,149.788,149.951,149.782,149.89,3866.94
1758884400000,149.891,149.898,149.756,149.787,5409.57
1758888000000,149.788,149.835,149.584,149.623,13382.55
1758891600000,149.62,149.783,149.513,149.736,13301.09
1758895200000,149.735,149.735,149.465,149.502,11745.91
1758898800000,149.503,149.574,149.424,149.521,8868.85
1758902400000,149.519,149.595,149.491,149.551,6419.19
1758906000000,149.549,149.559,149.476,149.52,3161.51
1758909600000,149.521,149.553,149.404,149.441,3637.21
1758913200000,149.44,149.558,149.436,149.506,3620.29
1758916800000,149.505,149.549,149.473,149.489,3241.5
1759093200000,149.399,149.491,149.399,149.491,202.83
1759096800000,149.489,149.513,149.399,149.469,2002.19
1759100400000,149.469,149.474,149.339,149.412,2120.31
1759104000000,149.412,149.421,149.112,149.177,5601.08
1759107600000,149.175,149.279,149.016,149.09,7497.84
1759111200000,149.09,149.095,148.901,148.937,4404.11
1759114800000,148.938,148.959,148.884,148.934,3105.29
1759118400000,148.933,148.978,148.886,148.948,3605.06
1759122000000,148.951,148.979,148.742,148.777,6495.37
1759125600000,148.78,148.853,148.713,148.824,6687.57
1759129200000,148.824,148.837,148.522,148.574,8219.21
1759132800000,148.574,148.619,148.469,148.529,6806.84
1759136400000,148.527,148.635,148.472,148.6,5307.61
1759140000000,148.6,148.684,148.571,148.666,4455.14
1759143600000,148.669,148.797,148.619,148.629,5532.28
1759147200000,148.63,148.812,148.574,148.605,10341.58
1759150800000,148.605,148.738,148.479,148.581,10324.74
1759154400000,148.577,148.651,148.53,148.649,11054.01
1759158000000,148.648,148.651,148.502,148.567,7013.94
1759161600000,148.568,148.615,148.556,148.58,3362.64
1759165200000,148.58,148.648,148.552,148.585,3127.99
1759168800000,148.584,148.641,148.546,148.636,2946.4
1759172400000,148.637,148.673,148.557,148.627,3234.81
1759176000000,148.628,148.694,148.583,148.583,2680.73
1759179600000,148.583,148.647,148.439,148.582,1300.53
1759183200000,148.58,148.653,148.575,148.595,931.42
1759186800000,148.595,148.63,148.502,148.617,2501.42
1759190400000,148.619,148.845,148.552,148.793,8086.31
1759194000000,148.791,148.791,148.599,148.75,6847.52
1759197600000,148.748,148.802,148.625,148.717,3123.66
1759201200000,148.716,148.721,148.512,148.516,3360.88
1759204800000,148.515,148.591,148.387,148.402,5764.77
1759208400000,148.401,148.444,148.226,148.288,6128.23
1759212000000,148.287,148.351,148.051,148.072,7668.94
1759215600000,148.072,148.176,147.94,148.051,9083.5
1759219200000,148.055,148.094,147.837,147.856,9774.28
1759222800000,147.856,147.986,147.832,147.968,7076.19
1759226400000,147.968,148.036,147.898,148.026,4405.99
1759230000000,148.024,148.098,147.965,147.969,4114.23
1759233600000,147.97,148.026,147.898,147.955,7268.92
1759237200000,147.954,148.062,147.81,147.897,9360.97
1759240800000,147.895,148.001,147.651,147.687,14850.35
1759244400000,147.686,148.016,147.66,147.964,10095.51
1759248000000,147.965,147.966,147.704,147.743,5749.47
1759251600000,147.743,147.847,147.649,147.783,6833.55
1759255200000,147.782,147.883,147.769,147.871,4140.78
1759258800000,147.87,147.923,147.827,147.865,4285.44
1759262400000,147.864,147.98,147.841,147.841,3686.75
1759266000000,147.841,147.857,147.788,147.84,684.07
1759269600000,147.839,147.923,147.814,147.906,1144.35
1759273200000,147.904,148.028,147.811,148.025,3144.85
1759276800000,148.024,148.226,148.024,148.108,7576.45
1759280400000,148.108,148.167,147.941,147.952,4253.02
1759284000000,147.95,148.009,147.884,147.915,4499.9
1759287600000,147.916,147.999,147.867,147.927,2999.74
1759291200000,147.926,147.957,147.552,147.555,4613.11
1759294800000,147.553,147.642,147.46,147.528,7099.47
1759298400000,147.526,147.526,147.167,147.229,9730.47
1759302000000,147.231,147.322,147.02,147.122,13213.61
1759305600000,147.123,147.152,146.901,147.149,10327.51
1759309200000,147.153,147.227,147.07,147.207,7169.22
1759312800000,147.206,147.263,147.058,147.077,7302.23
1759316400000,147.076,147.108,146.995,147.003,5943.56
1759320000000,147.0,147.117,146.587,146.797,23003.41
1759323600000,146.794,146.872,146.619,146.712,16536.78
1759327200000,146.71,147.048,146.698,146.861,19372.86
1759330800000,146.864,147.21,146.842,147.149,12421.58
1759334400000,147.15,147.254,147.093,147.161,6619.23
1759338000000,147.16,147.189,147.112,147.168,4200.21
1759341600000,147.166,147.229,147.021,147.089,5225.79
1759345200000,147.089,147.159,147.054,147.097,3552.74
1759348800000,147.097,147.164,147.046,147.046,3369.5
1759352400000,147.044,147.044,147.025,147.034,299.96
1759356000000,147.034,147.065,146.997,147.006,1240.09
1759359600000,147.005,147.112,146.997,147.108,1833.1
1759363200000,147.108,147.322,147.107,147.192,6608.16
1759366800000,147.195,147.225,146.957,146.986,4877.23
1759370400000,146.985,147.184,146.939,147.164,2879.97
1759374000000,147.165,147.195,147.051,147.084,3851.12
1759377600000,147.085,147.199,147.072,147.172,2516.51
1759381200000,147.174,147.266,147.117,147.163,4384.3
1759384800000,147.16,147.378,146.89,147.156,8674.65
1759388400000,147.154,147.216,147.01,147.082,7889.66
1759392000000,147.079,147.082,146.725,146.795,7605.51
1759395600000,146.796,146.809,146.599,146.622,7555.06
1759399200000,146.62,146.766,146.619,146.642,6506.83
1759402800000,146.641,146.859,146.623,146.796,5631.17
1759406400000,146.797,147.199,146.744,147.16,11622.15
1759410000000,147.161,147.268,147.056,147.225,13678.03
1759413600000,147.222,147.342,147.152,147.328,11484.39
1759417200000,147.329,147.514,147.329,147.349,8350.1
1759420800000,147.351,147.365,147.163,147.164,5722.12
1759424400000,147.167,147.236,147.14,147.182,4303.74
1759428000000,147.184,147.217,147.163,147.212,3359.38
1759431600000,147.21,147.252,147.127,147.236,2796.92
1759435200000,147.24,147.293,147.186,147.229,2172.65
1759438800000,147.222,147.238,147.191,147.207,743.26
1759442400000,147.207,147.224,147.165,147.195,659.55
1759446000000,147.192,147.204,147.092,147.156,1545.05
1759449600000,147.155,147.381,147.155,147.352,6830.48
1759453200000,147.353,147.684,147.178,147.511,10362.02
1759456800000,147.512,147.686,147.499,147.651,4444.71
1759460400000,147.65,147.765,147.613,147.629,3177.27
1759464000000,147.628,147.743,147.593,147.724,2192.48
1759467600000,147.723,147.814,147.572,147.784,5792.2
1759471200000,147.782,147.804,147.499,147.605,6564.73
1759474800000,147.604,147.683,147.408,147.412,6187.33
1759478400000,147.413,147.441,147.278,147.325,6937.03
1759482000000,147.325,147.431,147.308,147.37,8654.14
1759485600000,147.366,147.388,147.311,147.322,3470.75
1759489200000,147.323,147.42,147.218,147.278,4887.34
1759492800000,147.276,147.411,147.23,147.263,6831.55
1759496400000,147.262,147.382,147.216,147.352,8290.11
1759500000000,147.351,147.518,147.067,147.446,15102.26
1759503600000,147.445,147.491,147.306,147.338,7435.3
1759507200000,147.337,147.536,147.328,147.505,3313.08
1759510800000,147.505,147.513,147.408,147.506,3483.83
1759514400000,147.504,147.543,147.467,147.5,3117.6
1759518000000,147.5,147.525,147.457,147.458,2730.22
1759521600000,147.459,147.515,147.383,147.399,4396.54
1759698000000,149.491,149.496,149.104,149.104,2753.58
1759701600000,149.125,149.396,149.044,149.324,11952.79
1759705200000,149.318,149.657,149.232,149.583,12423.55
1759708800000,149.58,149.861,149.447,149.707,18947.65
1759712400000,149.706,149.831,149.587,149.773,11987.02
1759716000000,149.774,149.917,149.716,149.871,6067.73
1759719600000,149.87,150.1,149.819,150.062,5866.48
1759723200000,150.064,150.343,149.85,150.314,11305.27
1759726800000,150.313,150.435,150.225,150.258,7133.61
1759730400000,150.257,150.349,150.01,150.032,12317.52
1759734000000,150.033,150.217,149.952,150.029,15436.4
1759737600000,150.027,150.396,149.994,150.365,16406.4
1759741200000,150.368,150.475,150.3,150.377,13467.53
1759744800000,150.378,150.433,150.278,150.285,10961.18
1759748400000,150.285,150.406,150.22,150.372,15193.36
1759752000000,150.372,150.389,149.752,149.784,41616.04
1759755600000,149.782,150.083,149.754,149.931,9871.84
1759759200000,149.934,150.113,149.801,149.963,11848.7
1759762800000,149.961,150.111,149.921,150.027,6073.02
1759766400000,150.025,150.171,149.954,150.162,4352.29
1759770000000,150.159,150.238,150.082,150.205,2561.77
1759773600000,150.204,150.321,150.16,150.298,2462.38
1759777200000,150.298,150.334,150.224,150.322,2310.89
1759780800000,150.322,150.396,150.286,150.344,1896.89
1759784400000,150.342,150.342,150.189,150.239,535.42
1759788000000,150.25,150.388,150.249,150.32,2659.15
1759791600000,150.319,150.395,150.261,150.363,2486.34
1759795200000,150.36,150.618,150.359,150.491,8561.89
1759798800000,150.492,150.612,150.368,150.508,4341.31
1759802400000,150.507,150.536,150.339,150.531,3445.07
1759806000000,150.533,150.534,150.36,150.361,3243.26
1759809600000,150.361,150.443,150.247,150.415,3489.74
1759813200000,150.412,150.541,150.402,150.494,3918.67
1759816800000,150.498,150.697,150.497,150.624,9515.95
1759820400000,150.625,150.709,150.535,150.622,6808.98
1759824000000,150.624,150.831,150.524,150.792,4642.49
1759827600000,150.793,150.829,150.724,150.753,4016.88
1759831200000,150.756,150.794,150.708,150.772,3044.86
1759834800000,150.773,150.949,150.762,150.897,6132.99
1759838400000,150.897,151.028,150.803,150.832,9151.44
1759842000000,150.833,150.941,150.733,150.934,8801.99
1759845600000,150.936,151.203,150.908,151.175,9547.14
1759849200000,151.175,151.204,150.982,151.176,9331.49
1759852800000,151.177,151.408,151.1,151.324,7047.91
1759856400000,151.323,151.533,151.249,151.518,6850.29
1759860000000,151.518,151.934,151.496,151.823,7409.29
1759863600000,151.822,151.952,151.743,151.906,5082.29
1759867200000,151.907,152.043,151.877,151.891,3527.17
1759870800000,151.893,151.913,151.835,151.866,576.6
1759874400000,151.866,151.891,151.737,151.816,1331.68
1759878000000,151.817,152.093,151.793,152.056,4533.36
1759881600000,152.057,152.377,152.056,152.306,9319.0
1759885200000,152.308,152.602,152.27,152.6,8811.11
1759888800000,152.601,152.647,152.303,152.483,5217.2
1759892400000,152.485,152.564,152.403,152.412,3042.74
1759896000000,152.408,152.493,152.308,152.365,2547.32
1759899600000,152.363,152.44,152.285,152.403,4066.9
1759903200000,152.404,152.521,152.253,152.345,10406.39
1759906800000,152.346,152.554,152.33,152.543,8650.88
1759910400000,152.544,152.787,152.374,152.746,7873.34
1759914000000,152.743,152.998,152.72,152.971,7171.95
1759917600000,152.969,152.995,152.651,152.727,5439.38
1759921200000,152.723,152.848,152.645,152.693,6346.2
1759924800000,152.691,152.747,152.437,152.505,8340.92
1759928400000,152.505,152.662,152.374,152.59,8880.66
1759932000000,152.593,152.671,152.432,152.515,7325.37
1759935600000,152.516,152.787,152.511,152.723,5250.05
1759939200000,152.722,152.797,152.689,152.758,4275.12
1759942800000,152.756,152.886,152.746,152.871,2885.1
1759946400000,152.867,152.942,152.644,152.718,5555.78
1759950000000,152.717,152.752,152.64,152.706,3231.53
1759953600000,152.706,152.734,152.651,152.677,2709.05
1759957200000,152.677,152.677,152.511,152.643,664.21
1759960800000,152.643,152.669,152.488,152.527,2710.25
1759964400000,152.526,152.721,152.461,152.708,4679.06
1759968000000,152.714,152.737,152.452,152.704,8748.95
1759971600000,152.704,152.765,152.408,152.521,9121.32
1759975200000,152.534,152.606,152.411,152.463,4707.75
1759978800000,152.465,152.579,152.452,152.511,3813.2
1759982400000,152.511,152.597,152.45,152.469,3024.6
1759986000000,152.469,152.656,152.466,152.632,3901.64
1759989600000,152.633,153.136,152.632,152.991,10917.69
1759993200000,152.976,153.216,152.851,153.068,9819.56
1759996800000,153.067,153.137,152.757,152.799,6670.66
1760000400000,152.802,152.854,152.472,152.553,11990.21
1760004000000,152.552,152.748,152.496,152.659,4530.16
1760007600000,152.659,152.84,152.654,152.792,4701.8
1760011200000,152.792,152.842,152.655,152.745,7323.36
1760014800000,152.742,152.954,152.108,152.865,19411.44
1760018400000,152.863,153.182,152.862,153.042,11210.51
1760022000000,153.045,153.231,152.946,153.051,10070.1
1760025600000,153.05,153.146,152.992,153.003,8076.54
1760029200000,153.004,153.099,152.907,153.051,7956.0
1760032800000,153.052,153.211,153.0,153.177,4228.76
1760036400000,153.177,153.178,153.049,153.067,3635.44
1760040000000,153.069,153.097,153.006,153.059,2626.09
1760043600000,153.001,153.066,152.773,153.056,383.57
1760047200000,153.055,153.084,152.986,153.03,1140.53
1760050800000,153.029,153.272,152.963,153.026,3705.15
1760054400000,153.024,153.163,152.946,152.957,6504.78
1760058000000,152.954,153.049,152.839,153.018,5220.54
1760061600000,153.018,153.035,152.864,152.914,3933.41
1760065200000,152.916,152.935,152.645,152.666,4095.2
1760068800000,152.666,152.828,152.636,152.753,3175.74
1760072400000,152.754,152.849,152.685,152.832,4796.45
1760076000000,152.829,152.916,152.378,152.533,15570.86
1760079600000,152.534,152.947,152.487,152.847,14724.06
1760083200000,152.849,152.937,152.594,152.645,9751.75
1760086800000,152.644,152.846,152.612,152.79,6805.65
1760090400000,152.789,152.81,152.633,152.718,5594.49
1760094000000,152.722,152.757,152.545,152.632,8189.69
1760097600000,152.632,152.651,152.515,152.557,8975.21
1760101200000,152.558,152.691,152.529,152.654,13492.37
1760104800000,152.656,152.712,152.417,152.459,10993.45
1760108400000,152.459,152.459,151.504,151.942,38715.46
1760112000000,151.941,152.186,151.843,151.889,15997.06
1760115600000,151.887,151.947,151.722,151.866,7533.99
1760119200000,151.865,151.899,151.633,151.715,5353.59
1760122800000,151.719,151.805,151.53,151.591,6752.85
1760126400000,151.59,151.728,151.119,151.119,6842.45
1760302800000,151.822,151.916,151.771,151.801,591.23
1760306400000,151.807,152.275,151.794,151.935,6112.18
1760310000000,151.931,152.085,151.74,152.065,7213.01
1760313600000,152.069,152.075,151.8,151.844,8131.96
1760317200000,151.845,151.978,151.808,151.956,6701.87
1760320800000,151.956,151.985,151.851,151.938,3228.05
1760324400000,151.936,152.014,151.903,151.93,2290.53
1760328000000,151.931,151.968,151.807,151.912,2333.84
1760331600000,151.908,151.914,151.764,151.875,5715.7
1760335200000,151.874,152.024,151.721,151.942,9378.67
1760338800000,151.94,152.374,151.909,152.3,10525.69
1760342400000,152.304,152.448,152.249,152.339,6931.33
1760346000000,152.339,152.369,152.16,152.171,4928.02
1760349600000,152.17,152.23,152.126,152.17,3495.82
1760353200000,152.171,152.172,151.978,152.107,8572.28
1760356800000,152.105,152.267,152.054,152.215,7357.76
1760360400000,152.214,152.265,152.102,152.187,7333.51
1760364000000,152.19,152.447,152.182,152.373,9948.91
1760367600000,152.376,152.391,152.243,152.259,6989.65
1760371200000,152.258,152.301,152.197,152.28,3242.39
1760374800000,152.279,152.347,152.233,152.265,2612.97
1760378400000,152.267,152.332,152.219,152.287,2827.87
1760382000000,152.286,152.323,152.255,152.322,2674.71
1760385600000,152.321,152.35,152.263,152.264,2714.25
1760389200000,152.264,152.264,152.111,152.236,2335.74
1760392800000,152.238,152.344,152.187,152.343,2340.04
1760396400000,152.341,152.46,152.279,152.457,3311.81
1760400000000,152.458,152.612,152.429,152.467,8446.49
1760403600000,152.465,152.499,152.354,152.458,6180.83
1760407200000,152.456,152.486,152.357,152.381,3436.05
1760410800000,152.381,152.394,152.047,152.148,5484.31
1760414400000,152.148,152.15,151.781,151.859,10737.21
1760418000000,151.86,151.946,151.671,151.713,9311.61
1760421600000,151.713,151.975,151.616,151.894,13414.87
1760425200000,151.894,152.074,151.674,151.958,17033.41
1760428800000,151.959,152.125,151.932,151.975,9197.43
1760432400000,151.976,152.153,151.975,152.111,6416.59
1760436000000,152.112,152.123,151.912,151.946,7553.19
1760439600000,151.948,152.127,151.938,152.092,7244.43
1760443200000,152.093,152.126,151.861,152.045,10770.13
1760446800000,152.044,152.164,151.82,151.996,17701.08
1760450400000,152.001,152.102,151.831,151.831,12579.64
1760454000000,151.831,151.936,151.742,151.781,12918.4
1760457600000,151.781,151.916,151.669,151.734,10276.5
1760461200000,151.738,151.866,151.674,151.729,6386.08
1760464800000,151.73,151.802,151.697,151.76,4272.84
1760468400000,151.759,151.774,151.604,151.686,5539.98
1760472000000,151.687,151.83,151.687,151.83,2282.89
1760475600000,151.83,151.83,151.614,151.697,503.13
1760479200000,151.692,151.87,151.692,151.805,1634.42
1760482800000,151.804,151.851,151.695,151.702,2858.28
1760486400000,151.705,151.83,151.495,151.564,8983.0
1760490000000,151.558,151.604,151.299,151.3,5866.11
1760493600000,151.301,151.315,151.032,151.056,5417.97
1760497200000,151.056,151.165,151.002,151.137,3490.7
1760500800000,151.136,151.249,151.088,151.247,2533.31
1760504400000,151.249,151.271,151.109,151.204,4687.85
1760508000000,151.202,151.202,150.9,151.038,8058.92
1760511600000,151.039,151.297,150.984,151.246,8752.04
1760515200000,151.245,151.395,151.124,151.217,9898.7
1760518800000,151.218,151.433,151.218,151.345,6750.18
1760522400000,151.341,151.491,151.338,151.366,4610.34
1760526000000,151.364,151.51,151.32,151.497,4845.72
1760529600000,151.497,151.687,151.456,151.634,12412.44
1760533200000,151.634,151.737,151.4,151.402,13895.97
1760536800000,151.401,151.512,151.317,151.401,7972.77
1760540400000,151.402,151.46,151.038,151.22,10764.78
1760544000000,151.216,151.32,151.177,151.192,6833.11
1760547600000,151.192,151.341,151.065,151.329,9950.72
1760551200000,151.33,151.391,151.214,151.334,6002.7
1760554800000,151.334,151.344,151.234,151.255,3796.86
1760558400000,151.255,151.274,151.036,151.043,3584.67
1760562000000,151.043,151.202,151.018,151.086,846.61
1760565600000,151.086,151.1,150.75,150.914,2536.21
1760569200000,150.913,151.038,150.882,150.987,2821.2
1760572800000,150.994,151.091,150.512,150.707,13131.15
1760576400000,150.707,150.773,150.513,150.596,8212.91
1760580000000,150.595,150.777,150.568,150.773,4674.05
1760583600000,150.778,150.886,150.73,150.871,3824.96
1760587200000,150.873,151.113,150.865,151.039,2558.77
1760590800000,151.042,151.191,151.017,151.054,6079.96
1760594400000,151.055,151.271,150.96,151.198,9187.44
1760598000000,151.199,151.381,150.94,151.241,10496.5
1760601600000,151.242,151.288,151.06,151.242,8012.24
1760605200000,151.243,151.397,151.24,151.29,6960.72
1760608800000,151.29,151.301,151.163,151.177,4734.67
1760612400000,151.176,151.372,151.162,151.242,5793.99
1760616000000,151.241,151.28,151.031,151.099,11530.19
1760619600000,151.099,151.287,151.019,151.1,17523.03
1760623200000,151.1,151.121,150.753,150.774,14084.94
1760626800000,150.776,150.867,150.722,150.755,9491.59
1760630400000,150.755,150.793,150.232,150.396,19750.1
1760634000000,150.397,150.473,150.255,150.333,18200.83
1760637600000,150.335,150.422,150.22,150.336,13744.09
1760641200000,150.334,150.427,150.212,150.397,9262.98
1760644800000,150.399,150.448,150.346,150.419,5032.81
1760648400000,150.419,150.441,150.321,150.385,432.95
1760652000000,150.385,150.431,150.243,150.26,3406.9
1760655600000,150.256,150.292,150.05,150.148,5989.74
1760659200000,150.148,150.231,150.045,150.229,9291.47
1760662800000,150.23,150.361,150.172,150.315,10081.23
1760666400000,150.314,150.389,150.059,150.182,6456.22
1760670000000,150.181,150.181,149.893,150.012,6496.41
1760673600000,150.013,150.139,149.939,149.964,5972.3
1760677200000,149.965,149.972,149.735,149.747,7341.87
1760680800000,149.747,149.976,149.626,149.632,15799.29
1760684400000,149.631,149.783,149.378,149.702,25577.67
1760688000000,149.703,149.913,149.584,149.779,13657.71
1760691600000,149.778,149.903,149.603,149.672,9413.25
1760695200000,149.671,149.961,149.669,149.93,10851.79
1760698800000,149.931,150.33,149.872,150.235,18004.5
1760702400000,150.234,150.54,150.23,150.385,16158.25
1760706000000,150.385,150.445,150.16,150.357,17273.86
1760709600000,150.358,150.591,150.349,150.425,20191.51
1760713200000,150.426,150.454,150.202,150.337,11807.86
1760716800000,150.337,150.499,150.337,150.406,7179.8
1760720400000,150.408,150.491,150.362,150.485,7052.64
1760724000000,150.483,150.534,150.407,150.498,6698.77
1760727600000,150.498,150.519,150.453,150.479,3423.9
1760731200000,150.481,150.636,150.473,150.583,4749.93
1760907600000,150.353,150.468,150.324,150.401,740.72
1760911200000,150.414,150.908,150.414,150.825,5753.79
1760914800000,150.837,150.965,150.812,150.917,5790.45
1760918400000,150.917,150.974,150.765,150.909,10396.95
1760922000000,150.908,151.2,150.866,150.967,7522.64
1760925600000,150.96,150.997,150.809,150.866,4566.02
1760929200000,150.863,150.887,150.651,150.725,4404.89
1760932800000,150.724,150.769,150.512,150.598,5384.22
1760936400000,150.599,150.69,150.496,150.65,5310.87
1760940000000,150.648,150.741,150.548,150.687,8591.4
1760943600000,150.688,150.83,150.651,150.746,7778.54
1760947200000,150.742,150.796,150.575,150.584,7148.46
1760950800000,150.583,150.771,150.273,150.73,10311.57
1760954400000,150.73,150.835,150.675,150.715,5005.22
1760958000000,150.714,150.854,150.674,150.701,4284.14
1760961600000,150.702,150.775,150.607,150.674,9389.39
1760965200000,150.673,150.851,150.615,150.766,9863.71
1760968800000,150.767,150.811,150.41,150.594,12677.61
1760972400000,150.591,150.622,150.486,150.589,7762.6
1760976000000,150.591,150.696,150.526,150.679,4487.07
1760979600000,150.681,150.797,150.665,150.776,2849.23
1760983200000,150.777,150.827,150.663,150.691,2858.78
1760986800000,150.691,150.731,150.628,150.697,3101.0
1760990400000,150.696,150.763,150.684,150.731,2207.84
1760994000000,150.73,150.732,150.577,150.644,603.44
1760997600000,150.644,150.762,150.644,150.732,1055.59
1761001200000,150.729,150.821,150.718,150.82,2544.47
1761004800000,150.821,150.85,150.469,150.654,10673.25
1761008400000,150.656,150.994,150.527,150.98,6862.37
1761012000000,150.981,151.145,150.962,151.119,5934.81
1761015600000,151.12,151.149,151.002,151.048,3681.6
1761019200000,151.046,151.237,150.882,151.076,8483.67
1761022800000,151.077,151.521,150.858,151.515,13892.79
1761026400000,151.514,151.607,151.223,151.26,10365.77
1761030000000,151.263,151.263,151.064,151.154,11798.04
1761033600000,151.153,151.677,151.064,151.608,13943.07
1761037200000,151.608,151.802,151.596,151.796,8722.99
1761040800000,151.798,152.048,151.736,151.922,8764.51
1761044400000,151.925,152.006,151.81,151.95,8683.83
1761048000000,151.949,152.174,151.892,152.03,12130.37
1761051600000,152.031,152.091,151.594,151.599,19501.45
1761055200000,151.599,151.883,151.458,151.869,14518.94
1761058800000,151.87,151.876,151.679,151.727,7062.13
1761062400000,151.726,151.95,151.654,151.855,7800.61
1761066000000,151.852,151.971,151.817,151.924,5066.66
1761069600000,151.925,151.926,151.876,151.914,2817.92
1761073200000,151.912,151.97,151.892,151.915,7225.06
1761076800000,151.916,151.946,151.868,151.922,1687.78
1761080400000,151.924,151.924,151.863,151.876,181.89
1761084000000,151.873,151.943,151.861,151.934,783.63
1761087600000,151.933,151.959,151.861,151.878,1865.96
1761091200000,151.877,151.877,151.603,151.628,9739.99
1761094800000,151.626,151.753,151.487,151.745,8062.45
1761098400000,151.744,151.759,151.59,151.632,4018.19
1761102000000,151.628,151.818,151.627,151.796,3821.0
1761105600000,151.796,151.875,151.754,151.76,3633.27
1761109200000,151.759,151.871,151.726,151.86,2596.48
1761112800000,151.86,151.949,151.696,151.737,8198.65
1761116400000,151.737,151.851,151.621,151.825,9400.91
1761120000000,151.828,151.909,151.63,151.689,10987.33
1761123600000,151.69,151.826,151.653,151.817,5170.92
1761127200000,151.815,151.834,151.715,151.817,5704.91
1761130800000,151.817,151.893,151.725,151.786,8116.76
1761134400000,151.788,151.968,151.756,151.928,11538.24
1761138000000,151.93,152.045,151.869,151.97,15941.25
1761141600000,151.971,152.008,151.862,151.885,12888.67
1761145200000,151.885,151.909,151.75,151.793,10233.16
1761148800000,151.792,151.844,151.503,151.762,12033.49
1761152400000,151.766,151.809,151.605,151.644,9751.13
1761156000000,151.643,151.89,151.643,151.879,5518.85
1761159600000,151.879,152.007,151.854,151.981,4441.09
1761163200000,151.98,152.011,151.913,151.966,2456.22
1761166800000,151.967,151.967,151.887,151.89,344.55
1761170400000,151.891,151.927,151.821,151.9,1670.17
1761174000000,151.901,151.995,151.896,151.986,4473.69
1761177600000,151.986,152.262,151.971,152.153,7896.52
1761181200000,152.154,152.453,152.118,152.415,6547.32
1761184800000,152.415,152.501,152.385,152.462,2862.46
1761188400000,152.463,152.484,152.395,152.471,2148.48
1761192000000,152.471,152.572,152.402,152.412,2920.13
1761195600000,152.414,152.426,152.318,152.371,2606.99
1761199200000,152.375,152.648,152.33,152.641,7157.52
1761202800000,152.642,152.646,152.376,152.498,10122.24
1761206400000,152.497,152.65,152.454,152.61,4925.69
1761210000000,152.61,152.665,152.51,152.572,4751.55
1761213600000,152.573,152.774,152.567,152.767,4186.52
1761217200000,152.77,152.792,152.665,152.67,4530.2
1761220800000,152.669,152.719,152.457,152.534,8074.23
1761224400000,152.534,152.732,152.475,152.684,12679.42
1761228000000,152.689,152.709,152.576,152.615,14092.84
1761231600000,152.613,152.764,152.582,152.726,6232.08
1761235200000,152.722,152.797,152.672,152.719,4543.34
1761238800000,152.72,152.768,152.613,152.614,4274.95
1761242400000,152.616,152.648,152.52,152.532,2359.84
1761246000000,152.532,152.566,152.493,152.561,2299.99
1761249600000,152.56,152.609,152.545,152.545,1741.07
1761253200000,152.542,152.588,152.498,152.546,423.6
1761256800000,152.547,152.593,152.506,152.585,995.66
1761260400000,152.582,152.674,152.564,152.609,1374.85
1761264000000,152.609,152.664,152.475,152.648,5258.33
1761267600000,152.649,152.9,152.641,152.898,5144.93
1761271200000,152.91,152.914,152.771,152.888,3444.1
1761274800000,152.891,152.914,152.71,152.769,3730.56
1761278400000,152.771,152.912,152.769,152.889,2382.34
1761282000000,152.89,153.036,152.879,152.957,5106.52
1761285600000,152.958,153.061,152.918,152.919,5101.34
1761289200000,152.921,152.95,152.753,152.832,8950.94
1761292800000,152.83,153.019,152.811,152.95,6401.97
1761296400000,152.948,152.995,152.9,152.957,3752.26
1761300000000,152.958,152.981,152.904,152.977,2171.95
1761303600000,152.977,152.992,152.907,152.933,3383.53
1761307200000,152.931,152.961,152.251,152.672,16854.16
1761310800000,152.671,153.017,152.597,152.823,13231.86
1761314400000,152.823,152.902,152.699,152.766,10851.25
1761318000000,152.769,152.878,152.706,152.822,5625.66
1761321600000,152.823,152.876,152.786,152.84,2117.85
1761325200000,152.838,152.838,152.749,152.808,2127.22
1761328800000,152.807,152.89,152.799,152.864,1641.8
1761332400000,152.862,152.894,152.801,152.827,2457.7
1761336000000,152.826,152.89,152.754,152.81,4521.51
1761512400000,152.805,153.058,152.79,153.019,1199.74
1761516000000,153.019,153.143,152.942,153.073,6084.59
1761519600000,153.07,153.177,153.015,153.07,3605.26
1761523200000,153.078,153.153,152.827,152.891,7566.58
1761526800000,152.888,152.99,152.654,152.835,6852.72
1761530400000,152.836,153.013,152.823,152.982,2560.13
1761534000000,152.981,153.051,152.951,153.047,2861.71
1761537600000,153.049,153.164,153.033,153.137,4492.41
1761541200000,153.138,153.255,153.111,153.127,4308.08
1761544800000,153.125,153.137,152.831,152.977,7906.17
1761548400000,152.98,153.026,152.86,153.015,8857.95
1761552000000,153.016,153.076,152.743,152.816,8311.84
1761555600000,152.818,152.82,152.699,152.75,5391.45
1761559200000,152.752,152.849,152.721,152.771,3908.63
1761562800000,152.77,152.807,152.592,152.636,6389.79
1761566400000,152.636,152.898,152.565,152.838,7030.69
1761570000000,152.84,153.196,152.806,153.108,11418.5
1761573600000,153.107,153.19,152.999,153.001,6946.56
1761577200000,153.001,153.12,152.986,153.088,5548.42
1761580800000,153.088,153.091,152.976,152.994,3619.54
1761584400000,152.996,153.093,152.941,153.06,2548.05
1761588000000,153.058,153.071,152.756,152.818,2845.92
1761591600000,152.818,152.953,152.815,152.904,3511.99
1761595200000,152.905,152.911,152.848,152.869,1862.83
1761598800000,152.869,152.869,152.842,152.849,312.82
1761602400000,152.813,152.82,152.734,152.743,1160.56
1761606000000,152.746,152.775,152.632,152.696,1978.77
1761609600000,152.699,152.735,152.395,152.496,8724.62
1761613200000,152.498,152.512,152.262,152.399,7435.67
1761616800000,152.388,152.472,152.297,152.457,4097.75
1761620400000,152.459,152.474,152.162,152.276,4252.69
1761624000000,152.274,152.302,151.852,151.875,8546.15
1761627600000,151.873,151.968,151.758,151.912,9166.67
1761631200000,151.911,152.057,151.813,152.019,7302.51
1761634800000,152.025,152.351,152.025,152.144,11620.95
1761638400000,152.142,152.162,151.844,151.951,11811.14
1761642000000,151.952,152.08,151.874,151.916,5859.65
1761645600000,151.915,151.987,151.823,151.864,6371.82
1761649200000,151.862,152.082,151.859,152.034,4447.55
1761652800000,152.034,152.217,152.019,152.133,9113.55
1761656400000,152.133,152.371,152.13,152.19,10022.88
1761660000000,152.192,152.261,151.975,151.986,9792.39
1761663600000,151.985,152.178,151.853,152.143,11886.18
1761667200000,152.144,152.306,152.11,152.111,10227.58
1761670800000,152.109,152.194,152.095,152.171,4679.28
1761674400000,152.173,152.244,152.089,152.101,3362.46
1761678000000,152.102,152.104,151.945,152.057,4118.05
1761681600000,152.056,152.13,152.048,152.099,2926.26
1761685200000,152.101,152.107,151.969,152.038,2303.95
1761688800000,152.061,152.179,152.037,152.167,1323.12
1761692400000,152.167,152.193,151.723,151.736,3339.29
1761696000000,151.737,151.888,151.537,151.634,14454.59
1761699600000,151.635,151.916,151.551,151.892,8155.53
1761703200000,151.894,152.142,151.888,151.98,4144.59
1761706800000,151.971,152.055,151.913,152.052,3552.21
1761710400000,152.054,152.112,151.959,152.075,3195.0
1761714000000,152.077,152.541,152.063,152.365,5153.33
1761717600000,152.363,152.452,152.13,152.143,5331.65
1761721200000,152.148,152.178,152.002,152.061,7452.55
1761724800000,152.062,152.334,152.047,152.334,7254.14
1761728400000,152.334,152.468,152.197,152.231,6695.59
1761732000000,152.231,152.343,152.205,152.241,3424.47
1761735600000,152.243,152.406,152.134,152.244,7203.33
1761739200000,152.241,152.296,152.158,152.239,5262.06
1761742800000,152.24,152.242,151.863,151.999,8561.73
1761746400000,152.0,152.168,151.983,152.036,8032.9
1761750000000,152.036,152.061,151.905,151.911,7143.85
1761753600000,151.913,152.178,151.896,152.15,7222.79
1761757200000,152.151,152.316,152.089,152.262,4085.99
1761760800000,152.283,153.055,152.185,152.825,27965.49
1761764400000,152.825,153.059,152.751,152.816,15224.86
1761768000000,152.815,152.875,152.585,152.717,7038.58
1761771600000,152.715,152.721,152.563,152.645,831.04
1761775200000,152.645,152.736,152.64,152.693,1482.57
1761778800000,152.69,152.756,152.586,152.725,2563.43
1761782400000,152.727,152.946,152.505,152.634,9156.78
1761786000000,152.637,152.679,152.451,152.544,8247.8
1761789600000,152.544,152.561,152.318,152.337,4529.74
1761793200000,152.335,153.138,152.162,152.964,13966.46
1761796800000,152.96,153.021,152.561,152.765,17872.74
1761800400000,152.766,153.041,152.674,153.038,9360.52
1761804000000,153.037,153.517,152.934,153.34,11663.08
1761807600000,153.336,153.541,153.277,153.404,14058.82
1761811200000,153.404,153.886,153.404,153.747,11546.46
1761814800000,153.749,153.801,153.624,153.781,8583.18
1761818400000,153.78,153.959,153.776,153.956,8783.53
1761822000000,153.956,154.174,153.865,154.116,8107.77
1761825600000,154.115,154.288,154.077,154.288,10305.65
1761829200000,154.288,154.444,154.144,154.198,13392.22
1761832800000,154.197,154.321,154.053,154.289,12248.8
1761836400000,154.286,154.342,154.045,154.172,8089.87
1761840000000,154.171,154.229,154.067,154.097,4916.9
1761843600000,154.096,154.17,154.05,154.1,3473.72
1761847200000,154.101,154.149,154.05,154.081,3218.06
1761850800000,154.081,154.09,154.02,154.076,3387.65
1761854400000,154.073,154.156,154.037,154.115,2817.11
1761858000000,154.117,154.117,154.023,154.047,560.47
1761861600000,154.047,154.136,154.033,154.106,1293.99
1761865200000,154.105,154.164,153.837,153.906,3373.5
1761868800000,153.906,154.036,153.821,153.895,7032.9
1761872400000,153.891,153.92,153.652,153.83,7356.1
1761876000000,153.826,153.884,153.739,153.884,5609.7
1761879600000,153.884,154.066,153.851,154.037,3294.57
1761883200000,154.037,154.057,153.907,153.936,4241.41
1761886800000,153.934,154.053,153.83,153.914,3916.49
1761890400000,153.912,154.235,153.883,154.222,6209.45
1761894000000,154.225,154.395,154.176,154.308,10775.25
1761897600000,154.307,154.412,154.228,154.246,8424.27
1761901200000,154.247,154.291,154.109,154.14,5302.06
1761904800000,154.14,154.184,154.092,154.131,4122.74
1761908400000,154.131,154.184,154.052,154.103,4659.36
1761912000000,154.102,154.252,153.892,154.133,10439.32
1761915600000,154.134,154.231,154.047,154.077,11559.18
1761919200000,154.078,154.096,153.892,153.946,11440.29
1761922800000,153.946,154.092,153.915,154.04,10499.23
1761926400000,154.043,154.173,153.968,154.114,6872.14
1761930000000,154.111,154.176,154.079,154.094,3999.69
1761933600000,154.095,154.134,154.036,154.087,3105.67
1761937200000,154.088,154.135,154.062,154.108,3495.71
1761940800000,154.11,154.118,153.936,153.936,3621.81
1762120800000,153.939,154.085,153.939,154.05,666.0
1762124400000,154.052,154.25,154.021,154.199,5399.98
1762128000000,154.201,154.216,154.12,154.176,3796.92
1762131600000,154.175,154.188,154.077,154.116,2579.8
1762135200000,154.115,154.126,154.035,154.084,2374.21
1762138800000,154.088,154.095,154.042,154.065,1799.46
1762142400000,154.066,154.086,153.988,154.073,1753.53
1762146000000,154.075,154.134,154.057,154.123,2811.23
1762149600000,154.122,154.241,154.103,154.189,3106.09
1762153200000,154.188,154.284,154.106,154.107,5169.72
1762156800000,154.109,154.206,154.051,154.108,7391.39
1762160400000,154.11,154.169,154.084,154.165,4191.28
1762164000000,154.166,154.19,154.128,154.17,3217.19
1762167600000,154.169,154.184,154.096,154.152,2781.84
1762171200000,154.151,154.191,154.141,154.181,3119.54
1762174800000,154.183,154.296,154.175,154.248,5456.15
1762178400000,154.248,154.273,154.073,154.095,7684.91
1762182000000,154.098,154.158,153.899,154.099,16113.3
1762185600000,154.097,154.163,154.067,154.131,5943.57
1762189200000,154.131,154.175,154.06,154.152,3984.45
1762192800000,154.152,154.24,154.114,154.168,2430.97
1762196400000,154.167,154.252,154.14,154.19,2797.78
1762200000000,154.191,154.219,154.174,154.192,1883.55
1762203600000,154.191,154.216,154.177,154.21,1881.27
1762207200000,154.208,154.25,154.188,154.21,611.47
1762210800000,154.211,154.224,154.17,154.208,825.93
1762214400000,154.211,154.397,154.198,154.338,6939.86
1762218000000,154.34,154.482,154.3,154.328,7009.38
1762221600000,154.327,154.357,154.104,154.108,4722.28
1762225200000,154.107,154.157,154.053,154.085,5354.35
1762228800000,154.086,154.1,153.808,154.061,4549.45
1762232400000,154.062,154.081,153.687,153.733,7267.54
1762236000000,153.732,153.79,153.49,153.623,10644.43
1762239600000,153.624,153.631,153.328,153.584,10052.57
1762243200000,153.589,153.696,153.386,153.649,12840.93
1762246800000,153.65,153.755,153.403,153.485,10206.31
1762250400000,153.483,153.601,153.317,153.575,7757.96
1762254000000,153.576,153.592,153.373,153.569,5522.26
1762257600000,153.57,153.625,153.504,153.528,7765.45
1762261200000,153.529,153.541,153.314,153.386,8434.22
1762264800000,153.386,153.541,153.369,153.475,9875.14
1762268400000,153.475,153.597,153.339,153.382,10483.18
1762272000000,153.382,153.552,153.339,153.551,8729.44
1762275600000,153.55,153.64,153.522,153.59,3241.64
1762279200000,153.591,153.659,153.547,153.565,3255.83
1762282800000,153.564,153.641,153.562,153.633,2960.79
1762286400000,153.632,153.691,153.622,153.626,3247.62
1762290000000,153.626,153.683,153.6,153.665,3499.64
1762293600000,153.665,153.666,153.625,153.651,215.56
1762297200000,153.632,153.692,153.507,153.548,2154.6
1762300800000,153.549,153.747,153.231,153.236,11560.45
1762304400000,153.238,153.298,152.957,153.163,12043.1
1762308000000,153.161,153.322,153.066,153.317,6704.57
1762311600000,153.32,153.566,153.3,153.512,7159.32
1762315200000,153.512,153.528,153.389,153.484,3888.31
1762318800000,153.481,153.565,153.407,153.522,3978.07
1762322400000,153.521,153.739,153.452,153.666,5572.76
1762326000000,153.666,153.69,153.447,153.557,7028.32
1762329600000,153.558,153.664,153.417,153.496,6066.4
1762333200000,153.498,153.707,153.488,153.69,5468.15
1762336800000,153.693,153.842,153.62,153.626,6464.55
1762340400000,153.625,153.707,153.575,153.615,5010.58
1762344000000,153.616,153.748,153.562,153.711,5778.47
1762347600000,153.707,153.991,153.69,153.981,9281.43
1762351200000,153.982,154.032,153.897,153.937,7356.98
1762354800000,153.939,154.309,153.937,154.305,15235.47
1762358400000,154.304,154.356,154.106,154.12,6413.38
1762362000000,154.119,154.138,154.056,154.078,3423.92
1762365600000,154.076,154.143,154.007,154.125,2349.73
1762369200000,154.124,154.13,154.058,154.108,1837.35
1762372800000,154.106,154.134,154.083,154.121,2465.36
1762376400000,154.12,154.141,154.09,154.11,2780.92
1762380000000,154.113,154.113,154.026,154.061,458.65
1762383600000,154.071,154.09,153.98,154.088,1766.16
1762387200000,154.089,154.14,153.849,153.887,7220.68
1762390800000,153.887,153.941,153.801,153.871,4867.36
1762394400000,153.87,154.001,153.794,153.948,3404.7
1762398000000,153.947,153.994,153.835,153.869,2342.04
1762401600000,153.867,154.025,153.859,153.953,2694.06
1762405200000,153.954,154.006,153.831,153.882,2955.13
1762408800000,153.882,154.006,153.808,153.982,3108.49
1762412400000,153.983,153.992,153.774,153.867,5099.11
1762416000000,153.867,153.871,153.531,153.56,7762.87
1762419600000,153.561,153.77,153.556,153.718,4785.59
1762423200000,153.719,153.774,153.7,153.747,2922.24
1762426800000,153.746,153.764,153.589,153.645,2914.66
1762430400000,153.649,153.739,153.587,153.606,6106.45
1762434000000,153.608,153.637,153.402,153.502,7919.81
1762437600000,153.503,153.586,153.386,153.409,9629.13
1762441200000,153.409,153.41,153.043,153.044,13045.91
1762444800000,153.041,153.168,152.975,152.981,9133.82
1762448400000,152.98,153.062,152.831,153.014,10755.81
1762452000000,153.013,153.087,152.918,153.052,9072.34
1762455600000,153.051,153.158,153.028,153.143,7785.84
1762459200000,153.141,153.144,152.997,153.029,5406.71
1762462800000,153.031,153.1,152.998,153.061,2697.35
1762466400000,153.054,153.079,152.955,153.052,5184.99
1762470000000,153.056,153.059,152.817,152.954,3399.25
1762473600000,152.953,153.249,152.856,153.185,9884.28
1762477200000,153.185,153.307,153.048,153.13,7635.83
1762480800000,153.13,153.175,152.962,153.147,5115.7
1762484400000,153.146,153.187,153.017,153.058,3211.41
1762488000000,153.06,153.18,153.015,153.115,4403.67
1762491600000,153.114,153.367,153.114,153.352,3620.03
1762495200000,153.353,153.526,153.351,153.51,4928.36
1762498800000,153.506,153.539,153.384,153.388,5984.06
1762502400000,153.388,153.514,153.351,153.508,7156.32
1762506000000,153.512,153.521,153.441,153.493,4565.34
1762509600000,153.491,153.496,153.321,153.351,3462.98
1762513200000,153.352,153.361,153.01,153.129,6968.75
1762516800000,153.131,153.174,153.04,153.098,6168.04
1762520400000,153.096,153.375,153.008,153.359,9338.78
1762524000000,153.36,153.475,153.136,153.332,15129.48
1762527600000,153.327,153.331,153.023,153.138,16466.01
1762531200000,153.137,153.176,153.013,153.063,8212.38
1762534800000,153.064,153.224,153.04,153.094,6469.1
1762538400000,153.093,153.266,153.036,153.258,6134.37
1762542000000,153.257,153.583,153.223,153.557,6731.38
1762545600000,153.557,153.595,153.358,153.429,9389.92
1762549200000,153.429,153.484,153.378,153.378,3571.42
1762725600000,153.687,153.73,153.541,153.702,1514.79
1762729200000,153.702,153.865,153.691,153.826,6278.25
1762732800000,153.828,153.914,153.402,153.854,11569.54
1762736400000,153.853,153.954,153.777,153.831,6556.24
1762740000000,153.832,153.899,153.803,153.891,3054.49
1762743600000,153.891,154.026,153.891,153.935,5243.75
1762747200000,153.934,153.954,153.786,153.878,2977.02
1762750800000,153.881,154.071,153.868,153.942,4221.12
1762754400000,153.94,154.083,153.902,154.028,4292.49
1762758000000,154.029,154.152,153.95,154.045,5898.32
1762761600000,154.046,154.179,153.949,154.17,7347.49
1762765200000,154.171,154.231,154.146,154.159,6801.47
1762768800000,154.159,154.178,154.062,154.162,5048.14
1762772400000,154.163,154.249,154.114,154.131,3076.55
1762776000000,154.131,154.167,154.039,154.115,5564.97
1762779600000,154.116,154.137,153.984,154.059,4532.27
1762783200000,154.061,154.165,154.004,154.08,7990.53
1762786800000,154.08,154.142,154.012,154.029,7859.37
1762790400000,154.026,154.068,153.891,153.997,6689.19
1762794000000,153.996,154.041,153.925,153.955,4282.3
1762797600000,153.958,154.02,153.924,153.993,2383.82
1762801200000,153.994,154.075,153.954,154.052,2517.48
1762804800000,154.053,154.083,153.999,154.03,3083.74
1762808400000,154.03,154.17,154.023,154.141,2196.16
1762812000000,154.143,154.144,153.884,154.049,10577.18
1762815600000,154.049,154.153,154.046,154.15,2295.03
1762819200000,154.151,154.311,154.103,154.31,6613.06
1762822800000,154.311,154.492,154.311,154.324,5928.62
1762826400000,154.325,154.391,154.257,154.366,4313.58
1762830000000,154.365,154.365,154.22,154.265,3597.75
1762833600000,154.265,154.352,154.226,154.301,2358.93
1762837200000,154.303,154.31,154.087,154.126,5067.96
1762840800000,154.125,154.267,154.089,154.195,3062.11
1762844400000,154.198,154.251,154.152,154.19,4823.2
1762848000000,154.188,154.389,154.169,154.379,5843.02
1762851600000,154.38,154.441,154.285,154.331,5110.72
1762855200000,154.334,154.361,154.211,154.243,4673.59
1762858800000,154.244,154.266,154.215,154.253,4311.52
1762862400000,154.254,154.268,154.17,154.194,4344.88
1762866000000,154.195,154.197,153.667,153.775,15841.68
1762869600000,153.774,154.006,153.702,153.998,9915.38
1762873200000,153.998,154.132,153.921,153.97,9433.29
1762876800000,153.969,154.023,153.943,154.002,7199.17
1762880400000,154.001,154.121,153.998,154.075,2403.45
1762884000000,154.075,154.145,154.051,154.108,1899.38
1762887600000,154.108,154.145,154.062,154.12,1976.88
1762891200000,154.121,154.143,154.081,154.121,2136.17
1762894800000,154.121,154.176,154.117,154.146,1970.9
1762898400000,154.146,154.146,154.045,154.063,3436.76
1762902000000,154.061,154.158,154.06,154.081,1377.14
1762905600000,154.084,154.302,154.049,154.299,6831.32
1762909200000,154.298,154.352,154.26,154.323,5705.77
1762912800000,154.321,154.413,154.313,154.349,3830.47
1762916400000,154.346,154.38,154.236,154.343,2665.17
1762920000000,154.345,154.743,154.341,154.739,5230.13
1762923600000,154.741,154.79,154.566,154.644,6356.59
1762927200000,154.65,154.756,154.583,154.613,4284.07
1762930800000,154.61,154.67,154.491,154.619,4423.31
1762934400000,154.619,154.773,154.617,154.758,6501.05
1762938000000,154.759,154.906,154.703,154.844,5877.83
1762941600000,154.844,154.897,154.755,154.864,3958.3
1762945200000,154.862,154.887,154.804,154.804,4134.88
1762948800000,154.805,154.834,154.704,154.807,5935.36
1762952400000,154.807,154.993,154.761,154.94,5899.49
1762956000000,154.94,155.044,154.858,154.866,10558.23
1762959600000,154.867,154.923,154.729,154.739,7734.36
1762963200000,154.74,154.773,154.646,154.648,7084.16
1762966800000,154.645,154.645,154.497,154.595,5325.3
1762970400000,154.596,154.686,154.58,154.685,4590.21
1762974000000,154.686,154.728,154.608,154.714,2927.73
1762977600000,154.714,154.766,154.692,154.758,3661.76
1762981200000,154.759,154.868,154.759,154.777,2782.55
1762984800000,154.779,154.791,154.699,154.701,859.21
1762988400000,154.709,154.756,154.688,154.708,2111.65
1762992000000,154.709,154.957,154.694,154.942,7640.87
1762995600000,154.942,155.015,154.707,154.733,7062.03
1762999200000,154.731,154.788,154.624,154.659,5631.83
1763002800000,154.657,154.76,154.624,154.736,2522.82
1763006400000,154.733,154.855,154.642,154.822,3312.48
1763010000000,154.822,154.999,154.809,154.949,3930.6
1763013600000,154.95,155.006,154.862,154.89,4905.75
1763017200000,154.894,154.951,154.704,154.716,5772.01
1763020800000,154.715,154.774,154.513,154.519,8517.67
1763024400000,154.523,154.585,154.326,154.527,8325.89
1763028000000,154.528,154.676,154.484,154.658,5369.79
1763031600000,154.656,154.764,154.642,154.74,6002.11
1763035200000,154.74,154.755,154.588,154.607,6720.0
1763038800000,154.606,154.74,154.54,154.648,7330.05
1763042400000,154.647,154.677,154.388,154.393,11365.64
1763046000000,154.395,154.539,154.126,154.2,14346.22
1763049600000,154.2,154.432,154.158,154.399,11745.58
1763053200000,154.397,154.47,154.236,154.317,9220.34
1763056800000,154.318,154.442,154.273,154.423,7388.03
1763060400000,154.424,154.486,154.354,154.47,5002.13
1763064000000,154.472,154.541,154.46,154.54,5443.93
1763067600000,154.541,154.585,154.479,154.548,2558.86
1763071200000,154.545,154.592,154.357,154.52,2023.33
1763074800000,154.521,154.686,154.518,154.631,2873.43
1763078400000,154.634,154.744,154.566,154.605,7095.04
1763082000000,154.607,154.684,154.44,154.504,5824.33
1763085600000,154.503,154.576,154.436,154.444,3799.76
1763089200000,154.445,154.574,154.31,154.539,4658.6
1763092800000,154.539,154.575,154.42,154.423,3749.49
1763096400000,154.424,154.504,154.368,154.482,3284.08
1763100000000,154.483,154.661,154.432,154.597,4780.06
1763103600000,154.6,154.682,154.455,154.679,5918.66
1763107200000,154.68,154.735,154.455,154.556,11331.54
1763110800000,154.557,154.701,154.553,154.693,8141.08
1763114400000,154.694,154.763,154.664,154.746,4171.61
1763118000000,154.745,154.748,154.63,154.657,4985.37
1763121600000,154.658,154.663,153.806,153.812,16534.77
1763125200000,153.81,154.143,153.615,154.087,20338.81
1763128800000,154.086,154.346,153.983,154.342,22093.15
1763132400000,154.356,154.494,154.236,154.428,19252.15
1763136000000,154.429,154.664,154.351,154.641,10323.19
1763139600000,154.641,154.743,154.613,154.642,12359.2
1763143200000,154.642,154.661,154.557,154.578,7305.84
1763146800000,154.578,154.582,154.527,154.558,5200.49
1763150400000,154.559,154.568,154.499,154.529,2732.93
1763154000000,154.531,154.598,154.504,154.508,1968.68
1763330400000,154.453,154.552,154.453,154.516,1465.76
1763334000000,154.513,154.636,154.442,154.592,3214.65
1763337600000,154.592,154.659,154.415,154.638,6963.42
1763341200000,154.64,154.654,154.51,154.576,4423.68
1763344800000,154.575,154.71,154.572,154.691,2773.83
1763348400000,154.692,154.786,154.688,154.715,2833.73
1763352000000,154.717,154.731,154.61,154.63,1989.72
1763355600000,154.628,154.716,154.591,154.69,1941.78
1763359200000,154.689,154.81,154.64,154.677,3451.82
1763362800000,154.678,154.793,154.644,154.692,4072.34
1763366400000,154.694,154.832,154.624,154.712,6557.63
1763370000000,154.713,154.785,154.656,154.752,3646.33
1763373600000,154.752,154.844,154.696,154.841,4511.67
1763377200000,154.843,154.871,154.769,154.795,3279.58
1763380800000,154.795,154.872,154.735,154.848,3812.98
1763384400000,154.848,154.916,154.836,154.89,4966.6
1763388000000,154.889,155.034,154.866,155.032,6622.84
1763391600000,155.032,155.301,155.003,155.196,13737.89
1763395200000,155.198,155.205,155.057,155.2,6813.97
1763398800000,155.201,155.229,155.143,155.158,7446.99
1763402400000,155.157,155.207,155.126,155.141,7881.47
1763406000000,155.142,155.251,155.068,155.244,11950.46
1763409600000,155.244,155.257,155.166,155.222,4426.36
1763413200000,155.222,155.258,155.216,155.233,2674.01
1763416800000,155.232,155.232,155.103,155.184,1062.48
1763420400000,155.188,155.287,155.176,155.278,2127.19
1763424000000,155.278,155.379,155.18,155.261,6194.79
1763427600000,155.261,155.361,155.144,155.2,7119.61
1763431200000,155.202,155.283,155.171,155.188,4866.33
1763434800000,155.187,155.201,155.111,155.176,4716.49
1763438400000,155.174,155.191,154.815,155.052,10424.3
1763442000000,155.056,155.102,154.995,155.083,5755.21
1763445600000,155.084,155.216,154.871,155.178,8958.42
1763449200000,155.181,155.217,154.871,154.997,13389.02
1763452800000,154.996,155.219,154.91,155.131,11224.43
1763456400000,155.131,155.265,155.084,155.231,7529.09
1763460000000,155.232,155.423,155.206,155.423,5401.34
1763463600000,155.423,155.44,155.36,155.426,4970.51
1763467200000,155.426,155.438,155.176,155.182,7851.37
1763470800000,155.183,155.261,155.059,155.171,12355.02
1763474400000,155.169,155.381,155.142,155.234,11875.26
1763478000000,155.233,155.282,155.05,155.274,16885.3
1763481600000,155.273,155.505,155.259,155.442,11996.24
1763485200000,155.443,155.695,155.427,155.69,7973.97
1763488800000,155.689,155.732,155.561,155.593,7607.9
1763492400000,155.596,155.637,155.497,155.524,6266.28
1763496000000,155.522,155.562,155.478,155.527,4435.81
1763499600000,155.527,155.548,155.494,155.494,3035.13
1763503200000,155.498,155.544,155.414,155.513,4000.87
1763506800000,155.515,155.591,155.502,155.532,1571.75
1763510400000,155.527,155.579,155.372,155.473,8976.63
1763514000000,155.473,155.537,155.432,155.496,7300.56
1763517600000,155.5,155.551,155.324,155.351,5858.87
1763521200000,155.351,155.382,155.212,155.293,6433.73
1763524800000,155.295,155.468,155.295,155.322,5457.69
1763528400000,155.323,155.379,155.262,155.371,5696.23
1763532000000,155.374,155.457,155.322,155.447,3899.57
1763535600000,155.449,155.53,155.407,155.516,6191.19
1763539200000,155.517,155.678,155.48,155.634,8267.87
1763542800000,155.639,155.964,155.554,155.954,9056.08
1763546400000,155.954,156.25,155.937,156.243,10029.05
1763550000000,156.242,156.294,156.082,156.108,6519.57
1763553600000,156.108,156.261,156.065,156.248,5351.38
1763557200000,156.251,156.292,156.04,156.282,7746.37
1763560800000,156.281,156.627,156.265,156.623,11429.88
1763564400000,156.623,156.72,156.498,156.506,11412.08
1763568000000,156.505,156.707,156.464,156.637,9481.06
1763571600000,156.636,156.866,156.621,156.754,7862.89
1763575200000,156.752,156.848,156.691,156.795,5132.6
1763578800000,156.795,157.039,156.765,157.029,8435.27
1763582400000,157.029,157.046,156.939,156.962,6117.4
1763586000000,156.96,157.183,156.96,157.138,5857.38
1763589600000,157.139,157.14,157.028,157.069,1509.04
1763593200000,157.071,157.154,156.978,156.997,3715.23
1763596800000,156.998,157.209,156.879,157.077,10533.24
1763600400000,157.075,157.435,157.037,157.421,9337.78
1763604000000,157.423,157.476,157.289,157.314,6674.51
1763607600000,157.318,157.432,157.28,157.416,6332.62
1763611200000,157.417,157.421,157.259,157.398,4809.31
1763614800000,157.397,157.572,157.397,157.558,5523.14
1763618400000,157.56,157.737,157.489,157.733,5950.25
1763622000000,157.736,157.779,157.376,157.456,9517.54
1763625600000,157.458,157.495,157.108,157.152,9785.51
1763629200000,157.152,157.271,157.125,157.178,5855.15
1763632800000,157.178,157.411,157.152,157.381,4676.75
1763636400000,157.382,157.538,157.354,157.509,4814.17
1763640000000,157.51,157.739,157.505,157.701,7045.72
1763643600000,157.701,157.875,157.224,157.573,21164.3
1763647200000,157.572,157.831,157.495,157.626,19928.46
1763650800000,157.626,157.892,157.626,157.679,12087.17
1763654400000,157.679,157.685,157.287,157.422,19351.07
1763658000000,157.421,157.537,157.265,157.518,20921.78
1763661600000,157.519,157.695,157.428,157.461,11423.92
1763665200000,157.463,157.564,157.45,157.538,7977.26
1763668800000,157.54,157.647,157.516,157.573,5643.55
1763672400000,157.575,157.593,157.444,157.467,4142.6
1763676000000,157.463,157.523,157.419,157.451,1936.3
1763679600000,157.448,157.472,157.188,157.386,6399.11
1763683200000,157.384,157.541,157.221,157.315,9729.99
1763686800000,157.318,157.497,157.207,157.486,7546.93
1763690400000,157.485,157.49,157.296,157.35,6164.67
1763694000000,157.348,157.429,157.294,157.302,3759.55
1763697600000,157.3,157.303,157.082,157.27,6649.59
1763701200000,157.27,157.304,157.164,157.224,5740.44
1763704800000,157.224,157.256,157.049,157.168,6139.08
1763708400000,157.169,157.193,156.611,156.733,10438.88
1763712000000,156.733,156.95,156.566,156.911,12882.35
1763715600000,156.914,156.95,156.673,156.76,9369.9
1763719200000,156.761,156.819,156.557,156.782,12735.12
1763722800000,156.781,156.898,156.749,156.853,7120.17
1763726400000,156.854,156.895,156.609,156.748,15322.98
1763730000000,156.75,156.865,156.679,156.813,10181.4
1763733600000,156.815,156.965,156.654,156.709,15402.32
1763737200000,156.706,156.718,156.2,156.533,29585.4
1763740800000,156.536,156.756,156.461,156.569,16708.36
1763744400000,156.572,156.731,156.497,156.541,9015.77
1763748000000,156.544,156.642,156.46,156.574,8431.01
1763751600000,156.57,156.583,156.262,156.328,5250.28
1763755200000,156.328,156.451,156.319,156.39,5440.4
1763758800000,156.39,156.504,156.327,156.378,4249.78
1763935200000,156.27,156.636,156.27,156.492,1125.34
1763938800000,156.477,156.707,156.464,156.687,3426.87
1763942400000,156.686,156.798,156.661,156.736,4688.09
1763946000000,156.735,156.751,156.637,156.722,5560.98
1763949600000,156.719,156.733,156.608,156.684,3493.42
1763953200000,156.684,156.689,156.59,156.642,2478.12
1763956800000,156.643,156.66,156.511,156.552,2083.28
1763960400000,156.553,156.59,156.499,156.581,3162.52
1763964000000,156.585,156.738,156.542,156.724,3480.97
1763967600000,156.723,156.888,156.677,156.842,4686.03
1763971200000,156.839,156.934,156.649,156.901,7541.78
1763974800000,156.901,156.935,156.681,156.747,8340.16
1763978400000,156.747,156.78,156.699,156.712,6188.01
1763982000000,156.712,156.866,156.701,156.835,3647.24
1763985600000,156.833,156.873,156.748,156.852,4518.8
1763989200000,156.851,156.987,156.85,156.913,6780.97
1763992800000,156.914,157.163,156.887,157.05,10603.24
1763996400000,157.05,157.186,156.74,156.797,12759.76
1764000000000,156.799,156.946,156.767,156.939,6764.53
1764003600000,156.939,156.983,156.857,156.886,5724.58
1764007200000,156.885,156.895,156.788,156.789,2829.03
1764010800000,156.79,156.878,156.711,156.739,3016.23
1764014400000,156.74,156.848,156.731,156.83,3399.64
1764018000000,156.829,156.922,156.82,156.884,2442.3
1764021600000,156.78,156.894,156.772,156.861,1204.85
1764025200000,156.857,156.956,156.849,156.908,1252.81
1764028800000,156.904,156.983,156.673,156.687,6283.06
1764032400000,156.686,156.747,156.555,156.651,6581.38
1764036000000,156.649,156.729,156.608,156.675,3829.86
1764039600000,156.674,156.782,156.609,156.776,2928.33
1764043200000,156.776,156.849,156.759,156.804,2472.16
1764046800000,156.8,156.844,156.696,156.735,2047.78
1764050400000,156.737,156.799,156.669,156.682,3760.42
1764054000000,156.684,156.697,156.523,156.62,4755.79
1764057600000,156.621,156.702,156.438,156.493,6364.16
1764061200000,156.492,156.493,156.142,156.299,6778.05
1764064800000,156.303,156.398,156.202,156.347,4607.92
1764068400000,156.349,156.521,156.349,156.443,3831.95
1764072000000,156.443,156.511,156.297,156.3,6651.68
1764075600000,156.297,156.342,156.029,156.148,10287.78
1764079200000,156.146,156.276,155.894,156.063,12920.09
1764082800000,156.062,156.173,155.892,156.146,14378.73
1764086400000,156.148,156.313,156.063,156.305,6016.49
1764090000000,156.306,156.334,155.801,155.9,10702.71
1764093600000,155.899,155.978,155.834,155.913,7155.01
1764097200000,155.912,155.958,155.808,155.826,3158.81
1764100800000,155.826,156.187,155.82,156.097,5764.21
1764104400000,156.097,156.111,156.028,156.044,2555.72
1764108000000,156.044,156.108,155.837,156.017,1316.46
1764111600000,156.016,156.231,156.011,156.198,2464.67
1764115200000,156.198,156.348,156.094,156.257,7350.17
1764118800000,156.255,156.373,155.812,155.944,12549.16
1764122400000,155.944,156.02,155.651,155.848,9659.85
1764126000000,155.849,155.907,155.746,155.881,4198.94
1764129600000,155.882,156.128,155.875,156.038,3977.47
1764133200000,156.037,156.183,156.031,156.114,4511.72
1764136800000,156.115,156.286,156.049,156.207,5249.56
1764140400000,156.204,156.462,156.15,156.385,5988.44
1764144000000,156.382,156.492,156.319,156.443,5527.46
1764147600000,156.445,156.502,156.334,156.455,5033.35
1764151200000,156.454,156.51,156.328,156.477,4745.21
1764154800000,156.479,156.577,156.375,156.476,7004.97
1764158400000,156.476,156.588,156.442,156.479,7401.82
1764162000000,156.477,156.684,156.33,156.663,12785.65
1764165600000,156.663,156.734,156.498,156.61,10094.03
1764169200000,156.608,156.64,156.417,156.417,10362.24
1764172800000,156.416,156.465,156.289,156.385,5987.49
1764176400000,156.384,156.464,156.342,156.405,3408.19
1764180000000,156.407,156.51,156.346,156.463,3163.18
1764183600000,156.463,156.505,156.429,156.455,4671.71
1764187200000,156.456,156.493,156.407,156.448,3309.18
1764190800000,156.446,156.478,156.41,156.459,1908.52
1764194400000,156.458,156.462,156.382,156.403,1563.7
1764198000000,156.408,156.411,156.22,156.22,2048.79
1764201600000,156.219,156.234,155.859,156.036,6316.38
1764205200000,156.038,156.177,155.72,156.05,9435.92
1764208800000,156.049,156.184,155.928,156.12,5937.93
1764212400000,156.117,156.154,156.031,156.08,2388.29
1764216000000,156.086,156.1,155.938,156.006,2859.82
1764219600000,156.005,156.014,155.813,155.988,5842.03
1764223200000,155.988,156.206,155.915,156.136,5243.37
1764226800000,156.136,156.3,156.108,156.11,3161.04
1764230400000,156.109,156.363,156.08,156.322,5718.64
1764234000000,156.323,156.404,156.309,156.356,4458.41
1764237600000,156.355,156.358,156.259,156.286,3323.64
1764241200000,156.286,156.35,156.251,156.31,3150.04
1764244800000,156.312,156.39,156.265,156.376,2686.84
1764248400000,156.376,156.384,156.244,156.265,2919.28
1764252000000,156.266,156.363,156.232,156.327,2943.18
1764255600000,156.328,156.339,156.251,156.307,2527.02
1764259200000,156.309,156.358,156.258,156.277,1802.45
1764262800000,156.277,156.367,156.271,156.33,1018.91
1764266400000,156.328,156.367,156.325,156.36,479.2
1764270000000,156.36,156.362,156.321,156.334,548.27
1764273600000,156.336,156.337,156.269,156.313,663.41
1764277200000,156.312,156.312,156.265,156.273,808.7
1764280800000,156.273,156.314,156.241,156.263,777.55
1764284400000,156.266,156.313,156.199,156.289,1519.28
1764288000000,156.291,156.582,156.174,156.448,8591.65
1764291600000,156.447,156.457,156.321,156.377,5319.6
1764295200000,156.377,156.382,156.091,156.276,15659.61
1764298800000,156.276,156.307,156.136,156.267,32343.4
1764302400000,156.267,156.287,156.183,156.216,31840.0
1764306000000,156.217,156.405,156.209,156.344,37472.66
1764309600000,156.341,156.434,156.333,156.382,29385.54
1764313200000,156.381,156.401,156.28,156.297,26396.47
1764316800000,156.298,156.381,156.28,156.354,26479.24
1764320400000,156.354,156.373,156.217,156.314,29767.63
1764324000000,156.317,156.378,156.249,156.26,22214.31
1764327600000,156.259,156.293,156.151,156.199,16852.57
1764331200000,156.202,156.261,156.091,156.115,13821.03
1764334800000,156.118,156.157,156.003,156.019,7952.87
1764338400000,156.019,156.393,155.981,156.245,10088.73
1764342000000,156.245,156.341,155.999,156.034,14227.87
1764345600000,156.032,156.202,155.994,156.177,7755.72
1764349200000,156.177,156.267,156.134,156.209,4571.97
1764352800000,156.211,156.236,156.081,156.134,4039.39
1764356400000,156.135,156.171,156.069,156.118,2902.84
1764360000000,156.118,156.152,156.064,156.15,2630.08
1764363600000,156.149,156.175,156.098,156.137,3980.48
1764540000000,156.055,156.135,156.055,156.092,1848.08
1764543600000,156.1,156.151,155.905,155.909,4328.98
1764547200000,155.907,155.909,155.676,155.809,9524.63
1764550800000,155.807,155.991,155.483,155.64,14496.19
1764554400000,155.64,155.651,155.428,155.5,8564.45
1764558000000,155.499,155.598,155.414,155.462,2961.1
1764561600000,155.461,155.603,155.395,155.55,4063.2
1764565200000,155.548,155.62,155.408,155.591,7170.22
1764568800000,155.661,155.692,155.557,155.564,5014.83
1764572400000,155.563,155.628,155.305,155.358,10790.07
1764576000000,155.361,155.561,155.26,155.485,13158.43
1764579600000,155.484,155.53,155.26,155.286,8566.66
1764583200000,155.286,155.308,155.16,155.254,6670.51
1764586800000,155.255,155.343,155.1,155.105,6064.73
1764590400000,155.105,155.149,154.764,154.79,9414.37
1764594000000,154.789,154.894,154.662,154.841,13915.18
1764597600000,154.842,155.062,154.836,154.998,15429.62
1764601200000,154.992,155.197,154.849,155.097,11790.12
1764604800000,155.098,155.314,155.096,155.286,7372.12
1764608400000,155.285,155.384,155.26,155.351,3948.46
1764612000000,155.35,155.498,155.34,155.492,3195.15
1764615600000,155.492,155.522,155.45,155.479,2217.59
1764619200000,155.481,155.517,155.436,155.443,2174.21
1764622800000,155.443,155.508,155.428,155.432,1941.52
1764626400000,155.432,155.468,155.384,155.425,1310.22
1764630000000,155.425,155.571,155.425,155.561,1749.85
1764633600000,155.56,155.679,155.46,155.635,6800.62
1764637200000,155.635,155.775,155.594,155.631,5035.66
1764640800000,155.632,155.705,155.589,155.66,2164.63
1764644400000,155.659,155.718,155.557,155.63,3774.44
1764648000000,155.632,155.666,155.552,155.639,2315.08
1764651600000,155.639,155.732,155.632,155.654,2728.01
1764655200000,155.655,155.816,155.637,155.761,4000.51
1764658800000,155.76,155.836,155.715,155.764,4576.47
1764662400000,155.766,156.004,155.764,155.995,7452.0
1764666000000,155.992,156.083,155.932,155.965,5390.6
1764669600000,155.967,156.065,155.933,156.037,4010.57
1764673200000,156.038,156.051,155.893,155.925,4808.09
1764676800000,155.923,156.027,155.91,156.011,4483.28
1764680400000,156.01,156.073,155.963,155.973,6266.03
1764684000000,155.973,156.087,155.933,155.952,7731.17
1764687600000,155.951,156.18,155.821,155.872,13251.86
1764691200000,155.87,155.984,155.753,155.921,10051.69
1764694800000,155.92,156.086,155.916,155.945,9265.7
1764698400000,155.943,156.02,155.912,155.994,6588.0
1764702000000,155.993,155.999,155.844,155.897,6586.56
1764705600000,155.893,155.899,155.803,155.831,6232.39
1764709200000,155.831,155.901,155.823,155.823,2623.9
1764712800000,155.755,155.869,155.748,155.846,1067.0
1764716400000,155.854,155.907,155.762,155.764,1232.21
1764720000000,155.764,155.812,155.657,155.778,5482.2
1764723600000,155.779,155.791,155.607,155.656,3669.43
1764727200000,155.657,155.804,155.65,155.711,2077.41
1764730800000,155.712,155.727,155.628,155.656,1566.69
1764734400000,155.655,155.751,155.651,155.659,1589.22
1764738000000,155.66,155.705,155.627,155.693,1776.88
1764741600000,155.692,155.692,155.511,155.609,3745.54
1764745200000,155.608,155.708,155.514,155.686,4004.44
1764748800000,155.683,155.754,155.664,155.674,5124.96
1764752400000,155.667,155.681,155.527,155.621,5195.42
1764756000000,155.62,155.643,155.505,155.528,5723.9
1764759600000,155.528,155.528,155.412,155.418,3782.72
1764763200000,155.415,155.431,155.362,155.414,4510.26
1764766800000,155.415,155.524,155.206,155.488,10301.87
1764770400000,155.491,155.52,155.278,155.365,12602.16
1764774000000,155.366,155.598,155.209,155.217,16165.66
1764777600000,155.221,155.246,155.009,155.167,9541.34
1764781200000,155.169,155.211,155.087,155.126,4418.15
1764784800000,155.129,155.178,155.075,155.127,3116.23
1764788400000,155.126,155.164,155.078,155.15,5376.9
1764792000000,155.151,155.249,155.125,155.237,3418.8
1764795600000,155.237,155.315,155.209,155.22,2189.78
1764799200000,155.221,155.228,155.115,155.141,1665.52
1764802800000,155.145,155.238,155.086,155.112,1436.57
1764806400000,155.114,155.249,155.021,155.119,6379.99
1764810000000,155.119,155.411,155.1,155.261,5017.44
1764813600000,155.26,155.429,155.254,155.412,3589.43
1764817200000,155.413,155.541,155.386,155.391,2989.62
1764820800000,155.386,155.468,155.325,155.462,1703.67
1764824400000,155.464,155.503,155.185,155.222,6867.48
1764828000000,155.223,155.449,155.213,155.296,4095.14
1764831600000,155.293,155.352,155.207,155.241,5448.85
1764835200000,155.242,155.25,154.772,154.987,14444.7
1764838800000,154.987,155.057,154.797,154.814,8343.97
1764842400000,154.813,154.889,154.739,154.753,6447.45
1764846000000,154.752,154.791,154.524,154.531,6351.26
1764849600000,154.53,154.78,154.507,154.668,6820.63
1764853200000,154.667,155.057,154.658,154.802,10610.03
1764856800000,154.802,154.855,154.561,154.761,11849.22
1764860400000,154.764,154.897,154.555,154.634,9486.75
1764864000000,154.633,154.916,154.633,154.907,7215.37
1764867600000,154.908,154.966,154.89,154.936,6139.77
1764871200000,154.937,154.992,154.894,154.986,5674.8
1764874800000,154.987,155.04,154.956,155.018,4059.51
1764878400000,155.02,155.133,154.996,155.105,4108.64
1764882000000,155.104,155.139,155.074,155.077,2309.56
1764885600000,155.077,155.077,155.004,155.031,1412.27
1764889200000,155.039,155.162,155.037,155.133,1557.73
1764892800000,155.132,155.232,154.951,154.968,6031.58
1764896400000,154.968,155.099,154.914,155.017,4028.37
1764900000000,155.016,155.1,155.007,155.051,2164.97
1764903600000,155.05,155.157,155.038,155.12,1333.7
1764907200000,155.115,155.125,154.794,154.921,4685.0
1764910800000,154.921,154.922,154.544,154.6,5294.54
1764914400000,154.599,154.695,154.457,154.565,6274.44
1764918000000,154.564,154.65,154.343,154.63,8567.01
1764921600000,154.631,154.891,154.606,154.857,8866.99
1764925200000,154.857,154.965,154.832,154.915,4644.22
1764928800000,154.917,155.172,154.889,155.134,5800.74
1764932400000,155.137,155.223,155.116,155.145,4353.21
1764936000000,155.146,155.261,155.082,155.172,7290.32
1764939600000,155.174,155.26,155.107,155.194,6543.52
1764943200000,155.194,155.282,155.115,155.218,9878.05
1764946800000,155.217,155.355,155.116,155.254,9445.76
1764950400000,155.25,155.492,155.208,155.298,9599.81
1764954000000,155.299,155.346,155.256,155.286,5781.29
1764957600000,155.284,155.321,155.239,155.283,3771.33
1764961200000,155.283,155.322,155.264,155.292,3014.87
1764964800000,155.291,155.324,155.271,155.3,2306.5
1764968400000,155.3,155.374,155.287,155.298,2325.41
1765144800000,155.159,155.226,155.149,155.211,690.08
1765148400000,155.217,155.381,155.206,155.313,4584.89
1765152000000,155.31,155.325,155.06,155.071,5685.36
1765155600000,155.069,155.15,154.911,154.919,5036.17
1765159200000,154.915,155.066,154.9,155.005,4035.95
1765162800000,155.003,155.114,154.974,155.102,2507.52
1765166400000,155.104,155.121,155.056,155.075,2425.7
1765170000000,155.073,155.267,155.07,155.201,3172.55
1765173600000,155.198,155.289,155.105,155.229,4396.46
1765177200000,155.228,155.352,155.168,155.351,4654.89
1765180800000,155.352,155.462,155.262,155.391,6997.67
1765184400000,155.394,155.54,155.394,155.476,6927.84
1765188000000,155.475,155.53,155.409,155.513,4502.63
1765191600000,155.511,155.589,155.475,155.585,4001.16
1765195200000,155.586,155.656,155.542,155.56,4548.69
1765198800000,155.56,155.66,155.474,155.629,7299.92
1765202400000,155.628,155.876,155.392,155.825,13438.1
1765206000000,155.827,155.983,155.754,155.858,10530.29
1765209600000,155.857,155.958,155.826,155.897,5626.1
1765213200000,155.896,155.926,155.728,155.751,4613.04
1765216800000,155.749,155.781,155.703,155.749,3075.57
1765220400000,155.75,155.914,155.733,155.909,3752.63
1765224000000,155.906,155.934,155.851,155.932,2441.63
1765227600000,155.931,155.958,155.91,155.914,2128.62
1765231200000,155.916,155.932,155.804,155.909,958.19
1765234800000,155.908,155.979,155.839,155.845,1705.76
1765238400000,155.846,156.022,155.768,156.008,5697.24
1765242000000,156.009,156.037,155.767,155.796,4648.96
1765245600000,155.798,155.904,155.744,155.868,3079.67
1765249200000,155.866,155.891,155.802,155.825,2008.07
1765252800000,155.823,155.983,155.81,155.934,2114.04
1765256400000,155.934,156.11,155.861,156.007,6076.12
1765260000000,156.008,156.125,155.96,156.007,5101.84
1765263600000,156.006,156.198,155.983,156.191,5197.43
1765267200000,156.192,156.43,156.184,156.334,10464.92
1765270800000,156.333,156.339,155.976,156.085,10822.63
1765274400000,156.087,156.202,156.046,156.075,6771.81
1765278000000,156.075,156.197,156.07,156.186,6075.36
1765281600000,156.187,156.357,156.185,156.355,6271.53
1765285200000,156.356,156.515,156.286,156.344,6858.81
1765288800000,156.343,156.532,156.313,156.408,10950.69
1765292400000,156.407,156.913,156.376,156.866,17009.13
1765296000000,156.866,156.919,156.808,156.86,7839.07
1765299600000,156.857,156.924,156.83,156.916,6200.69
1765303200000,156.916,156.925,156.878,156.894,5832.43
1765306800000,156.894,156.953,156.808,156.834,4284.93
1765310400000,156.835,156.921,156.82,156.901,3584.41
1765314000000,156.902,156.943,156.867,156.867,2565.45
1765317600000,156.863,156.913,156.754,156.832,1503.02
1765321200000,156.831,156.913,156.798,156.805,1773.26
1765324800000,156.805,156.936,156.703,156.712,5795.49
1765328400000,156.713,156.77,156.669,156.707,3644.08
1765332000000,156.709,156.723,156.63,156.654,2398.69
1765335600000,156.655,156.681,156.559,156.59,2450.41
1765339200000,156.591,156.664,156.581,156.625,1099.93
1765342800000,156.627,156.718,156.594,156.706,1788.08
1765346400000,156.707,156.763,156.657,156.672,2188.42
1765350000000,156.671,156.751,156.635,156.651,2706.01
1765353600000,156.653,156.707,156.579,156.673,5134.5
1765357200000,156.675,156.886,156.674,156.816,4823.05
1765360800000,156.817,156.858,156.737,156.77,4762.04
1765364400000,156.768,156.777,156.687,156.709,3854.69
1765368000000,156.708,156.756,156.672,156.716,4846.35
1765371600000,156.715,156.717,156.55,156.553,8744.46
1765375200000,156.552,156.628,156.439,156.5,6954.79
1765378800000,156.499,156.532,156.352,156.477,6696.05
1765382400000,156.48,156.488,156.323,156.336,4573.16
1765386000000,156.335,156.394,156.246,156.304,4181.52
1765389600000,156.308,156.476,156.294,156.411,4134.1
1765393200000,156.405,156.675,156.101,156.258,24944.81
1765396800000,156.257,156.308,155.794,155.93,18073.28
1765400400000,155.931,156.1,155.927,156.013,4628.1
1765404000000,156.014,156.023,155.824,156.015,2826.21
1765407600000,156.017,156.029,155.626,155.751,2998.55
1765411200000,155.749,155.886,155.568,155.804,7669.49
1765414800000,155.803,155.822,155.571,155.72,5706.01
1765418400000,155.72,155.776,155.489,155.772,6056.44
1765422000000,155.774,155.787,155.636,155.695,4528.76
1765425600000,155.696,155.857,155.617,155.845,3458.8
1765429200000,155.844,156.071,155.835,156.065,4433.59
1765432800000,156.062,156.163,155.941,155.963,5843.25
1765436400000,155.964,156.054,155.865,156.031,7732.92
1765440000000,156.032,156.068,155.782,155.885,7267.05
1765443600000,155.883,156.029,155.847,155.866,6275.79
1765447200000,155.863,155.949,155.801,155.864,5163.63
1765450800000,155.865,155.882,155.757,155.765,4954.93
1765454400000,155.761,155.819,155.52,155.584,7488.2
1765458000000,155.582,155.624,155.227,155.281,15239.4
1765461600000,155.28,155.293,154.948,154.983,14525.55
1765465200000,154.981,155.178,154.953,155.169,14806.39
1765468800000,155.169,155.288,155.109,155.15,8346.15
1765472400000,155.146,155.291,155.069,155.239,5357.41
1765476000000,155.24,155.412,155.212,155.36,4571.97
1765479600000,155.362,155.598,155.362,155.593,3944.3
1765483200000,155.592,155.672,155.507,155.59,4740.57
1765486800000,155.592,155.623,155.549,155.563,2497.51
1765490400000,155.563,155.57,155.516,155.525,1295.02
1765494000000,155.525,155.619,155.446,155.505,2869.79
1765497600000,155.502,155.723,155.459,155.696,7853.26
1765501200000,155.695,155.77,155.543,155.669,6142.68
1765504800000,155.668,155.744,155.654,155.673,3474.93
1765508400000,155.673,155.725,155.632,155.712,2261.58
1765512000000,155.712,155.764,155.688,155.744,2524.18
1765515600000,155.745,155.769,155.671,155.741,2479.45
1765519200000,155.742,155.827,155.655,155.656,5257.18
1765522800000,155.655,155.726,155.542,155.647,5788.62
1765526400000,155.649,155.843,155.62,155.837,8334.59
1765530000000,155.836,155.911,155.756,155.884,6203.2
1765533600000,155.885,155.964,155.849,155.915,6088.87
1765537200000,155.917,155.993,155.908,155.915,2548.44
1765540800000,155.914,156.127,155.772,156.034,6048.73
1765544400000,156.033,156.056,155.899,156.046,6404.07
1765548000000,156.046,156.1,155.847,155.904,12733.23
1765551600000,155.906,156.061,155.809,155.883,13705.91
1765555200000,155.884,155.884,155.676,155.814,10709.71
1765558800000,155.814,155.903,155.75,155.781,4789.5
1765562400000,155.781,155.815,155.716,155.782,4336.99
1765566000000,155.781,155.938,155.781,155.901,3562.17
1765569600000,155.902,155.908,155.775,155.878,4118.09
1765573200000,155.878,155.888,155.794,155.8,3162.29
1765749600000,155.816,155.909,155.749,155.806,1873.99
1765753200000,155.802,155.896,155.759,155.867,1672.03
1765756800000,155.869,155.986,155.863,155.895,5200.28
1765760400000,155.896,155.897,155.605,155.612,4597.92
1765764000000,155.611,155.648,155.357,155.428,5058.91
1765767600000,155.429,155.472,155.304,155.42,3455.81
1765771200000,155.421,155.421,155.185,155.256,2241.81
1765774800000,155.255,155.255,155.032,155.035,2951.15
1765778400000,155.034,155.155,154.948,155.088,4616.09
1765782000000,155.096,155.292,155.07,155.26,5954.48
1765785600000,155.261,155.282,155.102,155.184,5019.38
1765789200000,155.186,155.201,154.939,154.966,5954.53
1765792800000,154.967,155.152,154.961,155.083,3695.93
1765796400000,155.084,155.101,154.85,154.924,3297.96
1765800000000,154.924,155.094,154.888,155.076,4145.0
1765803600000,155.079,155.158,154.967,155.158,5027.3
1765807200000,155.159,155.227,154.851,154.911,9760.29
1765810800000,154.912,155.159,154.835,155.157,13108.84
1765814400000,155.157,155.329,155.15,155.29,7391.46
1765818000000,155.291,155.367,155.257,155.308,2822.7
1765821600000,155.307,155.388,155.282,155.356,2259.59
1765825200000,155.359,155.398,155.217,155.24,2088.5
1765828800000,155.241,155.267,155.22,155.251,1503.72
1765832400000,155.254,155.259,155.189,155.202,1612.15
1765836000000,155.103,155.291,155.103,155.213,1993.89
1765839600000,155.213,155.229,154.982,155.034,1875.34
1765843200000,155.034,155.101,154.733,155.006,7660.52
1765846800000,155.008,155.12,154.849,154.861,7296.95
1765850400000,154.86,154.921,154.763,154.781,4597.5
1765854000000,154.779,154.908,154.703,154.891,3582.02
1765857600000,154.887,154.917,154.771,154.817,2410.25
1765861200000,154.817,154.854,154.682,154.842,4192.76
1765864800000,154.843,154.948,154.82,154.851,3380.29
1765868400000,154.855,154.977,154.835,154.884,4857.61
1765872000000,154.883,154.943,154.796,154.862,6700.8
1765875600000,154.861,154.893,154.772,154.836,5318.9
1765879200000,154.835,154.905,154.774,154.87,4202.54
1765882800000,154.872,154.9,154.79,154.817,2879.05
1765886400000,154.815,154.855,154.6,154.609,4088.28
1765890000000,154.577,154.869,154.393,154.714,21091.57
1765893600000,154.713,154.997,154.597,154.601,16985.91
1765897200000,154.599,154.78,154.462,154.776,19465.58
1765900800000,154.774,154.904,154.748,154.809,11752.13
1765904400000,154.807,154.839,154.57,154.682,4886.69
1765908000000,154.682,154.806,154.672,154.745,4403.32
1765911600000,154.746,154.916,154.606,154.666,6090.17
1765915200000,154.667,154.797,154.57,154.797,4010.9
1765918800000,154.8,154.833,154.705,154.713,3162.94
1765922400000,154.713,154.773,154.682,154.705,1940.24
1765926000000,154.713,154.811,154.696,154.772,1107.62
1765929600000,154.771,154.873,154.568,154.585,6117.99
1765933200000,154.586,154.705,154.512,154.674,5417.19
1765936800000,154.675,155.024,154.675,155.008,7253.96
1765940400000,155.008,155.025,154.862,154.888,2512.38
1765944000000,154.889,155.149,154.874,155.135,2999.26
1765947600000,155.136,155.171,155.069,155.152,3769.57
1765951200000,155.151,155.443,155.125,155.369,4419.83
1765954800000,155.368,155.568,155.358,155.501,8517.23
1765958400000,155.502,155.595,155.427,155.514,7723.92
1765962000000,155.517,155.557,155.46,155.53,5055.5
1765965600000,155.529,155.547,155.44,155.462,4124.03
1765969200000,155.461,155.596,155.455,155.546,3420.92
1765972800000,155.545,155.575,155.453,155.487,6630.33
1765976400000,155.485,155.637,155.388,155.435,7825.72
1765980000000,155.435,155.631,155.352,155.486,7812.58
1765983600000,155.485,155.542,155.353,155.404,10599.36
1765987200000,155.404,155.599,155.383,155.595,9639.93
1765990800000,155.597,155.612,155.53,155.531,4630.51
1765994400000,155.533,155.673,155.493,155.641,4879.68
1765998000000,155.641,155.689,155.591,155.641,2622.03
1766001600000,155.641,155.749,155.622,155.699,2031.09
1766005200000,155.7,155.744,155.659,155.665,2444.06
1766008800000,155.664,155.664,155.569,155.596,1880.2
1766012400000,155.59,155.645,155.472,155.489,1317.06
1766016000000,155.488,155.584,155.424,155.479,5348.83
1766019600000,155.481,155.772,155.46,155.768,4750.67
1766023200000,155.769,155.808,155.662,155.781,4492.58
1766026800000,155.783,155.796,155.708,155.763,2349.87
1766030400000,155.765,155.782,155.702,155.736,1858.03
1766034000000,155.733,155.884,155.707,155.81,2679.31
1766037600000,155.809,155.907,155.765,155.906,3206.12
1766041200000,155.909,155.954,155.812,155.925,4624.07
1766044800000,155.927,155.943,155.799,155.853,4947.99
1766048400000,155.854,155.952,155.803,155.93,4464.95
1766052000000,155.93,155.974,155.851,155.859,3156.11
1766055600000,155.858,155.87,155.72,155.791,2372.0
1766059200000,155.789,155.863,155.738,155.82,5435.98
1766062800000,155.802,155.837,155.337,155.594,14197.44
1766066400000,155.593,155.607,155.282,155.49,16851.95
1766070000000,155.49,155.691,155.443,155.523,10920.34
1766073600000,155.521,155.575,155.363,155.529,8473.14
1766077200000,155.528,155.687,155.527,155.642,4643.13
1766080800000,155.641,155.71,155.577,155.632,3236.7
1766084400000,155.636,155.663,155.493,155.513,3649.43
1766088000000,155.513,155.63,155.499,155.611,2801.4
1766091600000,155.61,155.633,155.543,155.545,1955.54
1766095200000,155.544,155.567,155.431,155.533,1630.36
1766098800000,155.531,155.642,155.514,155.575,2415.73
1766102400000,155.579,155.773,155.556,155.749,6996.91
1766106000000,155.748,155.791,155.691,155.741,3447.44
1766109600000,155.741,155.851,155.683,155.828,3419.15
1766113200000,155.827,156.163,155.58,155.873,13341.18
1766116800000,155.873,156.086,155.731,156.068,8784.52
1766120400000,156.069,156.07,155.884,155.994,4668.36
1766124000000,155.999,156.442,155.849,156.012,11300.17
1766127600000,156.01,156.739,155.968,156.732,15166.31
1766131200000,156.732,156.937,156.719,156.931,14121.54
1766134800000,156.929,157.21,156.859,157.2,8233.97
1766138400000,157.2,157.4,157.129,157.324,9100.57
1766142000000,157.32,157.38,157.235,157.318,6161.85
1766145600000,157.321,157.352,157.182,157.241,5786.7
1766149200000,157.269,157.382,157.207,157.324,9459.33
1766152800000,157.323,157.424,156.923,157.421,13464.36
1766156400000,157.416,157.49,157.354,157.472,14450.56
1766160000000,157.47,157.488,157.404,157.427,10717.94
1766163600000,157.427,157.669,157.411,157.437,8136.93
1766167200000,157.438,157.53,157.4,157.521,5753.71
1766170800000,157.522,157.587,157.501,157.529,6359.21
1766174400000,157.529,157.698,157.475,157.69,3091.16
1766178000000,157.69,157.778,157.637,157.737,4615.88
1766354400000,157.659,157.679,157.318,157.478,4403.58
1766358000000,157.477,157.703,157.472,157.623,6235.35
1766361600000,157.623,157.659,157.508,157.553,9810.22
1766365200000,157.552,157.574,157.252,157.293,6657.61
1766368800000,157.292,157.423,157.228,157.421,2989.29
1766372400000,157.422,157.47,157.274,157.332,3215.74
1766376000000,157.333,157.362,157.258,157.311,2983.87
1766379600000,157.321,157.39,157.263,157.363,4019.11
1766383200000,157.364,157.434,157.269,157.344,5896.22
1766386800000,157.346,157.562,157.308,157.487,4788.97
1766390400000,157.49,157.55,157.37,157.547,5812.07
1766394000000,157.545,157.569,157.421,157.456,4003.43
1766397600000,157.458,157.464,157.352,157.396,3174.14
1766401200000,157.398,157.427,157.337,157.414,2831.53
1766404800000,157.411,157.428,157.356,157.396,4018.67
1766408400000,157.394,157.394,156.866,157.185,13567.87
1766412000000,157.184,157.222,156.908,157.016,10304.73
1766415600000,157.019,157.121,156.913,156.974,8141.09
1766419200000,156.974,157.041,156.859,156.935,6278.07
1766422800000,156.938,156.939,156.706,156.845,4143.29
1766426400000,156.847,157.021,156.847,156.945,3858.66
1766430000000,156.948,157.031,156.886,156.9,3643.21
1766433600000,156.9,157.003,156.9,156.988,3034.9
1766437200000,156.988,157.058,156.979,157.048,2532.9
1766440800000,157.048,157.062,156.825,157.02,2677.27
1766444400000,157.015,157.017,156.819,156.92,2655.85
1766448000000,156.92,156.927,156.604,156.616,5134.95
1766451600000,156.615,156.655,156.421,156.462,5243.94
1766455200000,156.46,156.482,156.276,156.351,5287.35
1766458800000,156.352,156.352,156.186,156.187,4426.87
1766462400000,156.186,156.186,155.96,155.993,6788.78
1766466000000,155.994,156.076,155.911,156.01,7025.59
1766469600000,156.009,156.188,155.997,156.113,7440.64
1766473200000,156.115,156.17,155.95,156.074,10556.98
1766476800000,156.072,156.114,155.952,155.96,10207.09
1766480400000,155.959,156.019,155.651,155.967,10679.49
1766484000000,155.965,156.046,155.866,155.921,6444.1
1766487600000,155.924,156.036,155.871,155.971,3658.16
1766491200000,155.971,156.031,155.869,156.022,5454.11
1766494800000,156.058,156.363,155.951,156.339,9616.11
1766498400000,156.335,156.543,156.334,156.4,12463.77
1766502000000,156.395,156.448,156.207,156.389,10361.39
1766505600000,156.387,156.433,156.3,156.333,8220.48
1766509200000,156.333,156.347,156.249,156.296,3763.31
1766512800000,156.298,156.343,156.226,156.23,4613.44
1766516400000,156.226,156.249,156.178,156.195,5112.84
1766520000000,156.196,156.309,156.178,156.3,1777.23
1766523600000,156.302,156.315,156.19,156.207,3661.54
1766527200000,156.205,156.208,156.163,156.17,4284.23
1766530800000,156.181,156.283,156.093,156.169,2981.6
1766534400000,156.169,156.279,155.976,155.99,9379.15
1766538000000,155.989,156.152,155.598,155.655,8345.26
1766541600000,155.652,155.74,155.552,155.739,6674.48
1766545200000,155.738,155.99,155.738,155.978,5364.34
1766548800000,155.981,156.062,155.801,155.835,3777.64
1766552400000,155.836,155.845,155.747,155.796,2729.45
1766556000000,155.797,155.797,155.663,155.734,4049.84
1766559600000,155.73,155.873,155.703,155.829,9484.32
1766563200000,155.828,155.97,155.749,155.756,8285.96
1766566800000,155.755,155.881,155.686,155.832,4258.15
1766570400000,155.835,155.969,155.819,155.934,3694.42
1766574000000,155.933,155.977,155.865,155.927,3260.25
1766577600000,155.926,156.041,155.876,156.04,4725.13
1766581200000,156.04,156.068,155.967,156.008,10691.58
1766584800000,156.012,156.033,155.675,155.747,11782.6
1766588400000,155.746,155.899,155.721,155.811,12220.56
1766592000000,155.811,155.918,155.75,155.832,10182.51
1766595600000,155.832,156.021,155.822,155.964,8114.52
1766599200000,155.968,156.016,155.938,155.965,9002.22
1766602800000,155.964,155.977,155.804,155.865,7139.04
1766606400000,155.864,155.942,155.854,155.942,2100.27
1766610000000,155.944,155.963,155.813,155.867,1901.94
1766613600000,155.867,155.878,155.675,155.675,17.7
1766617200000,155.699,155.96,155.574,155.884,139.68
1766620800000,155.88,155.916,155.745,155.791,2891.79
1766624400000,155.796,155.863,155.726,155.735,187.95
1766628000000,155.769,155.811,155.677,155.725,459.36
1766631600000,155.725,155.804,155.66,155.689,118.8
1766635200000,155.697,155.752,155.594,155.728,263.25
1766638800000,155.725,155.806,155.464,155.806,84.06
1766642400000,155.806,155.94,155.717,155.852,177.48
1766646000000,155.851,156.052,155.848,156.049,107.7
1766700000000,155.891,155.938,155.837,155.884,459.9
1766703600000,155.883,156.129,155.746,156.102,10722.29
1766707200000,156.103,156.488,156.102,156.405,17363.47
1766710800000,156.405,156.433,156.161,156.281,11806.07
1766714400000,156.28,156.304,156.165,156.221,9626.43
1766718000000,156.22,156.25,156.041,156.053,6920.61
1766721600000,156.052,156.19,155.987,156.161,7663.56
1766725200000,156.161,156.283,156.088,156.201,5602.3
1766728800000,156.197,156.316,156.087,156.28,3160.28
1766732400000,156.282,156.444,156.214,156.372,3643.21
1766736000000,156.372,156.444,156.3,156.329,4098.9
1766739600000,156.331,156.469,156.313,156.46,3277.88
1766743200000,156.462,156.468,156.361,156.401,2034.36
1766746800000,156.4,156.421,156.326,156.401,2743.07
1766750400000,156.4,156.483,156.394,156.418,3365.29
1766754000000,156.417,156.444,156.226,156.326,6272.73
1766757600000,156.322,156.485,156.275,156.452,4488.02
1766761200000,156.451,156.531,156.311,156.425,6659.96
1766764800000,156.425,156.654,156.37,156.633,9283.68
1766768400000,156.631,156.732,156.553,156.569,4368.45
1766772000000,156.568,156.585,156.435,156.543,3033.04
1766775600000,156.545,156.594,156.503,156.503,2772.6
1766779200000,156.503,156.529,156.444,156.495,3124.48
1766782800000,156.496,156.602,156.489,156.561,7470.51
1766959200000,156.389,156.549,156.389,156.443,3702.86
1766962800000,156.444,156.532,156.403,156.484,2604.21
1766966400000,156.485,156.485,156.055,156.277,11696.61
1766970000000,156.278,156.373,156.19,156.311,5038.06
1766973600000,156.312,156.51,156.299,156.431,5252.34
1766977200000,156.43,156.445,156.319,156.379,4700.25
1766980800000,156.377,156.471,156.244,156.37,5412.01
1766984400000,156.373,156.398,156.24,156.305,2833.93
1766988000000,156.311,156.324,156.17,156.185,4238.86
1766991600000,156.185,156.241,156.05,156.079,6464.53
1766995200000,156.082,156.312,156.076,156.276,9599.97
1766998800000,156.278,156.397,156.105,156.325,6866.76
1767002400000,156.326,156.344,156.205,156.326,4727.93
1767006000000,156.326,156.414,156.285,156.399,3875.28
1767009600000,156.4,156.423,156.308,156.323,3943.48
1767013200000,156.3,156.365,156.192,156.218,7542.14
1767016800000,156.231,156.238,156.008,156.144,7132.06
1767020400000,156.144,156.287,155.915,155.935,14609.58
1767024000000,155.937,156.117,155.93,156.105,11217.47
1767027600000,156.106,156.214,156.067,156.183,4681.75
1767031200000,156.182,156.224,156.121,156.221,2886.83
1767034800000,156.222,156.248,156.008,156.032,2320.34
1767038400000,156.034,156.082,155.984,156.066,3848.08
1767042000000,156.067,156.084,156.0,156.044,2313.03
1767045600000,156.045,156.077,155.949,156.018,1893.66
1767049200000,156.016,156.134,155.959,155.99,2905.54
1767052800000,155.994,156.323,155.923,156.26,8815.52
1767056400000,156.255,156.326,156.212,156.219,4537.63
1767060000000,156.218,156.337,156.152,156.307,3896.16
1767063600000,156.305,156.332,156.215,156.268,2203.24
1767067200000,156.27,156.284,156.048,156.081,2697.8
1767070800000,156.082,156.103,156.012,156.042,4340.0
1767074400000,156.044,156.097,155.936,156.038,5623.01
1767078000000,156.036,156.108,155.918,155.983,4049.93
1767081600000,155.982,156.024,155.854,155.981,6488.59
1767085200000,155.982,156.008,155.866,155.924,5030.07
1767088800000,155.924,155.93,155.742,155.852,5156.69
1767092400000,155.854,155.944,155.824,155.891,3709.83
1767096000000,155.892,156.012,155.884,155.949,3858.89
1767099600000,155.959,156.211,155.946,156.195,6636.9
1767103200000,156.197,156.32,156.123,156.27,6834.6
1767106800000,156.27,156.564,156.27,156.328,8512.82
1767110400000,156.327,156.37,156.223,156.259,5960.62
1767114000000,156.26,156.406,156.243,156.334,2872.99
1767117600000,156.334,156.433,156.306,156.392,3176.21
1767121200000,156.391,156.523,156.376,156.496,3508.18
1767124800000,156.495,156.501,156.426,156.464,2530.34
1767128400000,156.465,156.466,156.389,156.389,2199.77
1767132000000,156.389,156.389,156.285,156.358,2133.15
1767135600000,156.359,156.465,156.331,156.4,1110.32
1767139200000,156.394,156.465,156.329,156.389,2733.42
1767142800000,156.389,156.452,156.353,156.431,3216.17
1767146400000,156.436,156.49,156.423,156.484,2277.3
1767150000000,156.482,156.496,156.448,156.494,1331.09
1767153600000,156.492,156.636,156.492,156.612,1620.3
1767157200000,156.611,156.631,156.547,156.592,1745.33
1767160800000,156.591,156.653,156.582,156.613,2070.84
1767164400000,156.61,156.645,156.567,156.567,3108.46
1767168000000,156.567,156.607,156.506,156.595,3649.32
1767171600000,156.602,156.65,156.553,156.63,3311.73
1767175200000,156.627,156.674,156.596,156.654,4028.17
1767178800000,156.654,156.675,156.605,156.607,3949.32
1767182400000,156.607,156.643,156.551,156.601,3980.28
1767186000000,156.6,156.832,156.585,156.81,6980.67
1767189600000,156.811,156.946,156.798,156.925,8350.8
1767193200000,156.923,156.994,156.716,156.742,9795.48
1767196800000,156.739,156.846,156.642,156.809,6885.39
1767200400000,156.811,156.853,156.764,156.824,4990.39
1767204000000,156.825,156.921,156.797,156.89,5169.72
1767207600000,156.887,156.887,156.675,156.75,2648.37
1767211200000,156.751,156.752,156.631,156.632,3181.4
1767214800000,156.632,156.728,156.616,156.658,2544.09
1767304800000,156.501,156.679,156.497,156.657,561.17
1767308400000,156.68,156.879,156.642,156.722,2959.37
1767312000000,156.72,156.766,156.542,156.565,3251.61
1767315600000,156.564,156.655,156.517,156.636,3523.39
1767319200000,156.638,156.687,156.594,156.681,1680.32
1767322800000,156.682,156.723,156.65,156.715,1323.61
1767326400000,156.716,156.858,156.716,156.822,1511.74
1767330000000,156.823,156.942,156.817,156.909,1617.82
1767333600000,156.909,156.994,156.909,156.953,3511.99
1767337200000,156.953,156.992,156.83,156.861,4900.64
1767340800000,156.86,156.996,156.817,156.877,6345.79
1767344400000,156.878,156.916,156.767,156.914,5723.45
1767348000000,156.912,156.926,156.802,156.84,3274.22
1767351600000,156.84,156.946,156.823,156.917,2933.01
1767355200000,156.917,156.999,156.87,156.941,2883.03
1767358800000,156.884,156.959,156.83,156.904,5410.35
1767362400000,156.905,156.918,156.806,156.851,7049.56
1767366000000,156.852,156.893,156.562,156.588,9967.99
1767369600000,156.587,156.769,156.56,156.724,6161.78
1767373200000,156.723,156.781,156.707,156.771,2906.46
1767376800000,156.768,156.948,156.763,156.894,3190.9
1767380400000,156.892,156.954,156.844,156.855,2828.59
1767384000000,156.855,156.91,156.844,156.874,2721.9
1767387600000,156.874,156.887,156.802,156.84,2420.98
1767564000000,156.699,156.807,156.699,156.784,1756.28
1767567600000,156.784,157.015,156.719,156.998,4513.55
1767571200000,156.998,157.25,156.918,157.147,9478.27
1767574800000,157.146,157.182,156.939,157.014,7339.42
1767578400000,157.011,157.203,156.951,157.148,4248.08
1767582000000,157.146,157.237,157.127,157.232,4247.02
1767585600000,157.233,157.296,157.222,157.281,2931.17
1767589200000,157.283,157.292,157.116,157.18,3029.25
1767592800000,157.183,157.231,157.016,157.028,4221.84
1767596400000,157.027,157.079,156.974,156.988,5623.83
1767600000000,156.987,157.04,156.685,156.833,10290.38
1767603600000,156.831,156.999,156.782,156.927,5397.52
1767607200000,156.925,156.939,156.573,156.602,7890.87
1767610800000,156.603,156.66,156.531,156.62,9772.52
1767614400000,156.622,156.686,156.464,156.648,7206.78
1767618000000,156.753,156.977,156.642,156.825,11771.3
1767621600000,156.821,156.853,156.705,156.736,11570.72
1767625200000,156.742,156.751,156.453,156.578,13221.24
1767628800000,156.577,156.586,156.303,156.323,8390.58
1767632400000,156.325,156.383,156.265,156.328,4857.05
1767636000000,156.331,156.356,156.181,156.186,4163.52
1767639600000,156.186,156.244,156.116,156.233,7630.4
1767643200000,156.233,156.338,156.183,156.336,5132.52
1767646800000,156.335,156.417,156.321,156.359,2462.73
1767650400000,156.359,156.511,156.27,156.511,1410.98
1767654000000,156.511,156.642,156.476,156.614,2505.7
1767657600000,156.615,156.797,156.527,156.538,8091.6
1767661200000,156.536,156.708,156.451,156.452,6001.94
1767664800000,156.451,156.499,156.271,156.31,4200.69
1767668400000,156.312,156.436,156.295,156.361,3548.09
1767672000000,156.36,156.437,156.238,156.38,3982.39
1767675600000,156.382,156.446,156.288,156.429,3714.49
1767679200000,156.428,156.476,156.331,156.367,5530.69
1767682800000,156.367,156.371,156.23,156.334,7869.46
1767686400000,156.334,156.388,156.163,156.319,7789.53
1767690000000,156.318,156.483,156.23,156.379,7893.51
1767693600000,156.378,156.464,156.278,156.445,6030.88
1767697200000,156.444,156.535,156.406,156.447,5363.59
1767700800000,156.446,156.515,156.296,156.494,6101.13
1767704400000,156.552,156.58,156.35,156.369,11448.37
1767708000000,156.368,156.476,156.3,156.406,9260.11
1767711600000,156.406,156.69,156.403,156.575,12148.74
1767715200000,156.575,156.735,156.569,156.705,8143.01
1767718800000,156.704,156.742,156.672,156.691,4146.84
1767722400000,156.689,156.747,156.663,156.737,2490.09
1767726000000,156.735,156.744,156.609,156.629,4117.39
1767729600000,156.629,156.651,156.569,156.649,2797.49
1767733200000,156.649,156.685,156.621,156.622,1906.12
1767736800000,156.623,156.646,156.575,156.619,1025.99
1767740400000,156.614,156.705,156.613,156.666,1286.43
1767744000000,156.663,156.806,156.541,156.635,6428.77
1767747600000,156.633,156.745,156.561,156.714,4239.21
1767751200000,156.717,156.73,156.642,156.665,2693.83
1767754800000,156.647,156.653,156.506,156.561,2905.49
1767758400000,156.562,156.582,156.51,156.539,2977.73
1767762000000,156.538,156.54,156.366,156.386,2976.88
1767765600000,156.387,156.392,156.304,156.344,3923.76
1767769200000,156.339,156.512,156.295,156.486,6477.32
1767772800000,156.488,156.584,156.458,156.524,5863.76
1767776400000,156.527,156.575,156.431,156.462,5155.09
1767780000000,156.463,156.536,156.441,156.527,5765.69
1767783600000,156.527,156.582,156.51,156.515,2238.0
1767787200000,156.512,156.564,156.475,156.513,5117.34
1767790800000,156.524,156.584,156.361,156.416,9126.01
1767794400000,156.42,156.555,156.394,156.404,11489.91
1767798000000,156.406,156.723,156.401,156.68,17490.43
1767801600000,156.679,156.798,156.642,156.734,7370.47
1767805200000,156.731,156.733,156.572,156.617,5449.62
1767808800000,156.617,156.702,156.595,156.696,3681.89
1767812400000,156.697,156.76,156.682,156.739,4081.76
1767816000000,156.736,156.789,156.723,156.773,2587.31
1767819600000,156.774,156.799,156.744,156.745,1519.24
1767823200000,156.748,156.748,156.642,156.666,650.52
1767826800000,156.667,156.755,156.656,156.697,1509.97
1767830400000,156.694,156.799,156.673,156.784,5193.16
1767834000000,156.786,156.942,156.714,156.912,3841.41
1767837600000,156.911,156.954,156.822,156.837,2859.39
1767841200000,156.838,156.838,156.63,156.717,4048.21
1767844800000,156.716,156.73,156.665,156.692,2056.21
1767848400000,156.694,156.731,156.639,156.671,3440.07
1767852000000,156.669,156.688,156.501,156.579,5658.34
1767855600000,156.577,156.694,156.465,156.465,5663.79
1767859200000,156.464,156.713,156.457,156.704,6657.3
1767862800000,156.704,156.781,156.63,156.745,4246.15
1767866400000,156.747,156.778,156.679,156.681,3604.76
1767870000000,156.679,156.78,156.665,156.761,2457.81
1767873600000,156.759,156.78,156.689,156.721,2404.16
1767877200000,156.7,156.962,156.663,156.961,6474.14
1767880800000,156.966,157.07,156.936,156.973,10099.06
1767884400000,156.971,157.056,156.851,156.865,8789.16
1767888000000,156.864,156.985,156.847,156.9,4817.6
1767891600000,156.903,156.905,156.775,156.809,3277.05
1767895200000,156.808,156.892,156.795,156.892,2286.16
1767898800000,156.893,156.985,156.891,156.964,1812.04
1767902400000,156.963,156.992,156.916,156.952,2207.41
1767906000000,156.952,156.99,156.816,156.863,2765.08
1767909600000,156.863,156.863,156.694,156.829,1395.86
1767913200000,156.829,156.932,156.822,156.866,1243.79
1767916800000,156.868,157.06,156.867,157.003,5083.57
1767920400000,157.005,157.166,156.993,157.16,3905.43
1767924000000,157.158,157.259,157.121,157.179,5152.98
1767927600000,157.178,157.239,157.157,157.234,1899.26
1767931200000,157.238,157.295,157.193,157.211,2362.67
1767934800000,157.212,157.39,157.212,157.374,3016.59
1767938400000,157.375,157.436,157.343,157.4,5672.64
1767942000000,157.398,157.571,157.387,157.48,5323.35
1767945600000,157.479,157.668,157.456,157.643,5327.27
1767949200000,157.642,157.734,157.574,157.71,5610.6
1767952800000,157.71,157.723,157.638,157.652,2580.02
1767956400000,157.651,157.68,157.567,157.576,2389.36
1767960000000,157.576,157.707,157.56,157.649,3417.9
1767963600000,157.648,157.828,157.371,157.489,14527.4
1767967200000,157.488,158.051,157.368,157.919,21570.76
1767970800000,157.919,158.185,157.816,157.869,16698.29
1767974400000,157.871,158.131,157.83,158.074,9307.27
1767978000000,158.077,158.103,157.988,158.05,7104.49
1767981600000,158.053,158.067,157.861,157.914,4547.84
1767985200000,157.914,157.923,157.833,157.884,5887.3
1767988800000,157.882,157.909,157.854,157.885,2743.14
1767992400000,157.885,157.958,157.855,157.859,2578.63
1768168800000,158.063,158.112,157.994,158.049,517.38
1768172400000,158.047,158.181,157.983,158.138,2393.6
1768176000000,158.137,158.203,157.556,157.575,11687.68
1768179600000,157.575,157.75,157.515,157.746,11277.1
1768183200000,157.746,158.073,157.667,158.05,5540.67
1768186800000,158.048,158.12,157.941,158.118,4485.36
1768190400000,158.119,158.183,158.115,158.119,2694.81
1768194000000,158.12,158.148,157.996,158.004,3079.19
1768197600000,158.003,158.068,157.962,158.013,4522.21
1768201200000,158.013,158.032,157.801,157.845,6458.6
1768204800000,157.845,157.863,157.674,157.778,10696.07
1768208400000,157.778,157.901,157.722,157.892,6949.01
1768212000000,157.895,157.959,157.827,157.851,4499.27
1768215600000,157.852,157.926,157.783,157.893,4803.58
1768219200000,157.896,157.956,157.81,157.858,4187.0
1768222800000,157.834,157.895,157.707,157.841,8297.21
1768226400000,157.843,158.048,157.832,157.941,11904.27
1768230000000,157.94,157.974,157.854,157.97,8461.48
1768233600000,157.971,158.155,157.943,158.153,5558.28
1768237200000,158.154,158.169,158.063,158.086,3889.38
1768240800000,158.083,158.144,158.051,158.131,2510.22
1768244400000,158.133,158.15,158.093,158.138,2045.43
1768248000000,158.139,158.2,158.115,158.186,3579.23
1768251600000,158.186,158.194,158.111,158.111,2165.92
1768255200000,158.111,158.113,157.924,158.084,3601.72
1768258800000,158.102,158.172,157.895,157.976,4476.59
1768262400000,157.977,158.284,157.963,158.159,6248.3
1768266000000,158.16,158.5,158.159,158.482,5964.12
1768269600000,158.484,158.688,158.335,158.67,5261.01
1768273200000,158.67,158.825,158.643,158.811,3393.26
1768276800000,158.813,158.909,158.624,158.717,7356.04
1768280400000,158.716,158.827,158.705,158.785,4648.99
1768284000000,158.783,158.971,158.744,158.759,5813.06
1768287600000,158.762,158.953,158.73,158.941,6307.95
1768291200000,158.942,159.048,158.871,158.927,6928.05
1768294800000,158.933,159.017,158.814,158.889,4492.51
1768298400000,158.891,158.947,158.801,158.806,3588.27
1768302000000,158.806,158.943,158.804,158.854,3519.21
1768305600000,158.852,158.935,158.841,158.893,3329.56
1768309200000,158.851,158.957,158.581,158.878,15469.49
1768312800000,158.88,158.996,158.802,158.907,11173.44
1768316400000,158.914,159.088,158.853,158.926,10637.89
1768320000000,158.927,159.19,158.906,159.066,9155.21
1768323600000,159.067,159.14,158.976,159.024,4142.95
1768327200000,159.023,159.091,159.0,159.041,3090.11
1768330800000,159.039,159.145,159.039,159.115,3164.93
1768334400000,159.114,159.157,159.089,159.116,2191.29
1768338000000,159.116,159.173,159.108,159.108,1348.28
1768341600000,159.107,159.174,159.057,159.115,1814.79
1768345200000,159.115,159.202,159.109,159.196,1668.6
1768348800000,159.196,159.286,159.094,159.193,5783.86
1768352400000,159.193,159.452,159.193,159.338,5688.15
1768356000000,159.335,159.392,159.183,159.205,4649.4
1768359600000,159.202,159.203,159.082,159.16,3064.23
1768363200000,159.164,159.241,159.126,159.205,2227.97
1768366800000,159.205,159.34,159.163,159.337,2652.32
1768370400000,159.336,159.351,159.136,159.143,4074.52
1768374000000,159.144,159.194,159.105,159.176,4087.74
1768377600000,159.172,159.192,158.864,158.926,10434.02
1768381200000,158.926,158.946,158.67,158.761,6791.63
1768384800000,158.76,158.814,158.581,158.685,5416.71
1768388400000,158.686,158.821,158.568,158.711,4627.86
1768392000000,158.711,158.718,158.137,158.557,10817.17
1768395600000,158.537,158.74,158.503,158.586,8165.42
1768399200000,158.595,158.673,158.158,158.207,15126.73
1768402800000,158.204,158.415,158.105,158.123,14724.24
1768406400000,158.124,158.282,158.102,158.137,8775.13
1768410000000,158.135,158.342,158.12,158.302,5199.73
1768413600000,158.304,158.462,158.302,158.462,3895.66
1768417200000,158.458,158.518,158.421,158.502,5510.93
1768420800000,158.502,158.597,158.458,158.589,4795.09
1768424400000,158.588,158.596,158.396,158.396,2462.82
1768428000000,158.395,158.411,158.197,158.249,1643.65
1768431600000,158.249,158.432,158.244,158.421,2060.97
1768435200000,158.424,158.575,158.382,158.41,5965.98
1768438800000,158.41,158.436,158.226,158.353,5253.29
1768442400000,158.353,158.544,158.309,158.519,3507.91
1768446000000,158.519,158.641,158.491,158.515,3130.95
1768449600000,158.514,158.646,158.478,158.59,2613.6
1768453200000,158.591,158.612,158.382,158.432,3186.35
1768456800000,158.429,158.651,158.396,158.611,3940.79
1768460400000,158.613,158.731,158.45,158.58,6318.5
1768464000000,158.579,158.713,158.537,158.688,6331.74
1768467600000,158.691,158.699,158.301,158.397,7499.33
1768471200000,158.395,158.472,158.344,158.465,4276.48
1768474800000,158.464,158.565,158.434,158.565,2927.58
1768478400000,158.566,158.605,158.489,158.597,4041.03
1768482000000,158.605,158.854,158.551,158.845,9032.29
1768485600000,158.825,158.878,158.648,158.741,10132.41
1768489200000,158.74,158.744,158.473,158.538,9733.36
1768492800000,158.536,158.568,158.411,158.5,7008.8
1768496400000,158.501,158.537,158.446,158.508,4365.81
1768500000000,158.507,158.521,158.475,158.491,3453.86
1768503600000,158.49,158.56,158.462,158.527,3192.58
1768507200000,158.527,158.643,158.511,158.641,2750.08
1768510800000,158.639,158.669,158.583,158.584,1709.54
1768514400000,158.575,158.622,158.553,158.613,1151.22
1768518000000,158.613,158.669,158.563,158.589,1351.33
1768521600000,158.591,158.702,158.519,158.653,5273.06
1768525200000,158.653,158.682,158.472,158.597,4933.79
1768528800000,158.598,158.629,157.958,158.305,11321.26
1768532400000,158.303,158.311,158.109,158.109,5525.74
1768536000000,158.108,158.292,158.1,158.274,3553.01
1768539600000,158.275,158.38,158.222,158.376,3021.01
1768543200000,158.376,158.449,158.338,158.383,4532.59
1768546800000,158.384,158.405,158.095,158.171,9010.39
1768550400000,158.168,158.254,158.012,158.209,10061.91
1768554000000,158.208,158.212,158.073,158.195,6787.01
1768557600000,158.194,158.217,158.076,158.126,6185.13
1768561200000,158.127,158.153,158.051,158.09,4587.99
1768564800000,158.091,158.224,158.075,158.15,8105.85
1768568400000,158.151,158.151,157.942,158.022,7917.59
1768572000000,158.02,158.118,157.842,157.908,8637.94
1768575600000,157.907,158.264,157.82,158.063,17132.0
1768579200000,158.062,158.097,157.936,158.021,9237.74
1768582800000,158.021,158.16,158.02,158.14,3694.38
1768586400000,158.141,158.242,158.128,158.179,2957.48
1768590000000,158.18,158.209,158.101,158.12,2789.73
1768593600000,158.12,158.12,158.039,158.077,2108.82
1768597200000,158.077,158.139,158.046,158.137,1990.56
1768773600000,157.89,157.971,157.804,157.843,2140.33
1768777200000,157.837,157.857,157.498,157.55,8734.83
1768780800000,157.554,157.879,157.447,157.473,8520.29
1768784400000,157.474,157.697,157.42,157.685,6627.86
1768788000000,157.682,157.929,157.681,157.865,3476.98
1768791600000,157.867,157.944,157.807,157.88,4198.24
1768795200000,157.878,157.916,157.821,157.828,2462.82
1768798800000,157.826,157.947,157.753,157.897,3850.61
1768802400000,157.898,157.936,157.787,157.813,4205.18
1768806000000,157.812,158.121,157.745,158.077,6634.53
1768809600000,158.079,158.15,157.998,158.023,6538.98
1768813200000,158.024,158.163,157.86,157.925,10219.41
1768816800000,157.925,157.991,157.827,157.884,4049.76
1768820400000,157.885,158.107,157.883,158.04,3491.3
1768824000000,158.041,158.06,157.917,158.02,4603.17
1768827600000,158.018,158.027,157.877,157.919,4658.31
1768831200000,157.923,157.948,157.865,157.903,3343.92
1768834800000,157.904,158.078,157.861,158.06,5394.66
1768838400000,158.058,158.137,158.038,158.075,3452.87
1768842000000,158.072,158.108,158.01,158.034,1160.18
1768845600000,158.029,158.073,158.007,158.071,1019.99
1768849200000,158.073,158.113,158.073,158.083,513.66
1768852800000,158.085,158.151,158.079,158.125,418.2
1768856400000,158.126,158.145,158.073,158.073,431.59
1768860000000,157.986,158.1,157.986,158.09,639.42
1768863600000,158.089,158.226,158.089,158.165,1846.16
1768867200000,158.164,158.279,157.902,157.938,6455.41
1768870800000,157.939,158.191,157.847,157.948,8973.91
1768874400000,157.947,158.078,157.941,158.033,3167.05
1768878000000,158.033,158.033,157.906,157.973,3437.04
1768881600000,157.972,158.101,157.896,158.03,4551.92
1768885200000,158.027,158.122,157.95,158.104,4001.06
1768888800000,158.099,158.467,158.098,158.416,5888.75
1768892400000,158.416,158.602,158.304,158.372,12930.55
1768896000000,158.371,158.394,157.746,157.817,18208.36
1768899600000,157.815,157.817,157.556,157.73,19629.73
1768903200000,157.729,157.938,157.695,157.809,10130.04
1768906800000,157.81,157.914,157.684,157.748,8500.58
1768910400000,157.75,157.894,157.656,157.862,14204.03
1768914000000,157.857,157.972,157.465,157.84,15814.77
1768917600000,157.843,158.076,157.742,158.039,23659.12
1768921200000,158.038,158.11,157.847,157.926,14261.35
1768924800000,157.927,158.073,157.856,157.894,9933.5
1768928400000,157.895,157.987,157.855,157.955,6649.96
1768932000000,157.956,158.057,157.95,158.05,6494.17
1768935600000,158.051,158.298,158.043,158.287,7172.63
1768939200000,158.289,158.289,158.187,158.206,4968.59
1768942800000,158.208,158.23,158.131,158.132,2510.24
1768946400000,158.134,158.163,158.083,158.163,783.69
1768950000000,158.163,158.206,158.038,158.152,2896.44
1768953600000,158.153,158.281,158.111,158.111,9172.16
1768957200000,158.109,158.17,157.858,157.958,9030.55
1768960800000,157.96,158.075,157.889,157.916,5307.28
1768964400000,157.914,158.148,157.892,158.087,4747.56
1768968000000,158.091,158.13,157.996,158.037,4052.5
1768971600000,158.038,158.238,158.031,158.206,5404.31
1768975200000,158.204,158.257,158.084,158.142,6387.09
1768978800000,158.143,158.167,157.873,157.926,7218.19
1768982400000,157.925,157.987,157.821,157.87,7788.96
1768986000000,157.868,158.036,157.834,158.001,4795.02
1768989600000,158.002,158.085,157.985,158.023,6255.22
1768993200000,158.023,158.076,157.912,157.912,6176.81
1768996800000,157.911,157.939,157.745,157.795,7122.66
1769000400000,157.803,157.941,157.764,157.884,7909.14
1769004000000,157.885,158.149,157.874,158.112,18500.87
1769007600000,158.112,158.311,158.061,158.216,16509.5
1769011200000,158.217,158.258,158.071,158.166,10414.92
1769014800000,158.166,158.212,158.036,158.142,7505.73
1769018400000,158.142,158.244,158.116,158.218,4136.18
1769022000000,158.217,158.533,158.14,158.382,11245.54
1769025600000,158.382,158.499,158.329,158.374,4998.16
1769029200000,158.375,158.421,158.259,158.259,2850.28
1769032800000,158.256,158.315,158.232,158.294,3222.87
1769036400000,158.327,158.486,158.266,158.458,2624.86
1769040000000,158.46,158.491,158.178,158.239,8263.79
1769043600000,158.24,158.367,158.214,158.348,5884.84
1769047200000,158.349,158.478,158.34,158.467,4376.94
1769050800000,158.467,158.589,158.404,158.558,3616.9
1769054400000,158.559,158.7,158.555,158.647,4034.42
1769058000000,158.646,158.731,158.627,158.715,4149.29
1769061600000,158.715,158.848,158.706,158.778,5923.1
1769065200000,158.779,158.892,158.756,158.779,6947.76
1769068800000,158.778,158.855,158.73,158.771,7218.92
1769072400000,158.767,158.778,158.608,158.695,6298.88
1769076000000,158.693,158.762,158.627,158.632,4279.14
1769079600000,158.632,158.703,158.532,158.594,7591.33
1769083200000,158.594,158.829,158.541,158.819,9007.12
1769086800000,158.823,158.858,158.623,158.699,9078.55
1769090400000,158.697,158.762,158.536,158.607,8612.7
1769094000000,158.603,158.647,158.35,158.394,10009.56
1769097600000,158.39,158.424,158.257,158.359,7840.36
1769101200000,158.365,158.496,158.234,158.308,8590.05
1769104800000,158.309,158.337,158.276,158.309,3806.65
1769108400000,158.307,158.468,158.295,158.405,4663.49
1769112000000,158.405,158.442,158.337,158.438,2516.22
1769115600000,158.437,158.47,158.38,158.384,2128.01
1769119200000,158.384,158.408,158.335,158.372,840.84
1769122800000,158.371,158.532,158.355,158.487,3618.31
1769126400000,158.488,158.583,158.436,158.524,5755.14
1769130000000,158.522,158.663,158.483,158.64,4665.9
1769133600000,158.639,158.684,158.503,158.589,4362.63
1769137200000,158.591,158.741,158.499,158.628,5951.95
1769140800000,158.627,158.665,158.536,158.546,3464.51
1769144400000,158.547,158.637,158.472,158.625,3652.57
1769148000000,158.626,158.948,158.546,158.87,8732.83
1769151600000,158.868,159.226,157.275,158.386,19467.57
1769155200000,158.387,158.492,158.105,158.135,17167.87
1769158800000,158.135,158.144,157.862,158.005,13689.91
1769162400000,158.004,158.248,157.993,158.194,7774.39
1769166000000,158.195,158.317,158.133,158.134,6389.65
1769169600000,158.136,158.264,158.092,158.153,4692.61
1769173200000,158.154,158.276,158.093,158.266,5352.97
1769176800000,158.266,158.338,158.203,158.256,6698.14
1769180400000,158.256,158.308,158.097,158.113,7010.43
1769184000000,158.112,158.225,157.367,157.565,16112.95
1769187600000,157.566,157.62,156.132,156.362,28549.45
1769191200000,156.361,156.637,156.016,156.167,18398.08
1769194800000,156.166,156.258,155.68,155.892,12885.7
1769198400000,155.892,155.96,155.732,155.812,10158.7
1769202000000,155.82,155.871,155.601,155.611,4378.45
1769378400000,154.612,155.19,154.213,154.518,3095.33
1769382000000,154.603,155.275,154.494,155.147,11476.07
1769385600000,155.149,155.344,154.666,154.841,17994.01
1769389200000,154.768,154.929,154.302,154.424,14115.15
1769392800000,154.425,154.483,153.886,153.993,14585.46
1769396400000,153.992,154.338,153.947,154.21,8018.29
1769400000000,154.21,154.273,153.808,154.033,9402.31
1769403600000,154.031,154.112,153.923,154.107,6385.92
1769407200000,154.107,154.418,154.027,154.242,8387.83
1769410800000,154.242,154.323,153.908,154.248,12464.64
1769414400000,154.249,154.348,153.396,153.916,21195.69
1769418000000,153.916,154.138,153.53,153.668,17823.45
1769421600000,153.667,153.886,153.528,153.558,8959.65
1769425200000,153.555,153.825,153.305,153.738,15510.99
1769428800000,153.737,154.188,153.736,154.177,9441.39
1769432400000,154.129,154.338,154.036,154.061,9738.85
1769436000000,154.06,154.134,153.695,153.741,9927.47
1769439600000,153.742,153.883,153.615,153.813,10210.53
1769443200000,153.814,154.029,153.715,153.887,9607.85
1769446800000,153.887,154.112,153.866,153.973,5678.26
1769450400000,153.972,154.193,153.897,154.161,5555.86
1769454000000,154.159,154.275,154.028,154.039,14253.65
1769457600000,154.04,154.147,153.86,154.085,6877.67
1769461200000,154.085,154.261,154.058,154.156,3890.89
1769464800000,154.156,154.255,154.077,154.168,576.19
1769468400000,154.166,154.427,154.105,154.387,3705.81
1769472000000,154.386,154.45,154.122,154.286,7402.2
1769475600000,154.286,154.407,154.24,154.347,6675.72
1769479200000,154.346,154.362,154.085,154.261,5190.76
1769482800000,154.261,154.469,154.235,154.415,4384.07
1769486400000,154.416,154.621,154.414,154.59,5453.48
1769490000000,154.589,154.639,154.433,154.502,4089.32
1769493600000,154.501,154.61,154.37,154.531,4601.92
1769497200000,154.53,154.763,154.469,154.731,7600.29
1769500800000,154.727,154.877,154.642,154.703,8402.54
1769504400000,154.703,154.734,153.176,153.741,11390.43
1769508000000,153.744,154.192,153.556,153.743,19956.14
1769511600000,153.744,153.764,153.566,153.727,9547.83
1769515200000,153.726,153.793,153.257,153.302,14859.49
1769518800000,153.301,153.423,152.996,153.251,17714.14
1769522400000,153.251,153.374,152.927,153.225,18596.45
1769526000000,153.22,153.339,152.877,153.241,15181.87
1769529600000,153.246,153.266,152.948,153.041,8893.64
1769533200000,153.04,153.148,152.607,152.765,10294.21
1769536800000,152.765,152.883,152.573,152.763,7765.66
1769540400000,152.763,152.837,152.704,152.714,5167.74
1769544000000,152.716,152.841,152.094,152.381,15656.53
1769547600000,152.382,152.483,152.169,152.181,9172.87
1769551200000,152.12,152.36,152.099,152.282,1542.97
1769554800000,152.279,152.62,152.262,152.495,5707.62
1769558400000,152.49,152.714,152.436,152.634,11711.27
1769562000000,152.632,152.993,152.6,152.988,10544.19
1769565600000,152.99,153.068,152.813,152.842,6779.35
1769569200000,152.839,152.839,152.648,152.722,4521.62
1769572800000,152.721,152.837,152.528,152.56,3963.79
1769576400000,152.559,152.734,152.475,152.628,6806.9
1769580000000,152.629,152.726,152.557,152.652,7507.5
1769583600000,152.65,152.734,152.278,152.648,11836.53
1769587200000,152.647,152.804,152.406,152.637,13922.8
1769590800000,152.638,152.765,152.563,152.712,9720.04
1769594400000,152.715,152.725,152.344,152.569,9010.13
1769598000000,152.57,152.722,152.547,152.605,6994.13
1769601600000,152.604,152.639,152.392,152.569,8688.54
1769605200000,152.556,152.917,152.546,152.85,9050.08
1769608800000,152.849,152.993,152.651,152.827,12151.09
1769612400000,152.829,153.735,152.769,153.464,31283.71
1769616000000,153.463,153.786,153.412,153.604,12935.34
1769619600000,153.605,153.757,153.525,153.529,5997.21
1769623200000,153.528,153.947,153.525,153.82,6927.49
1769626800000,153.824,154.047,153.461,153.49,20161.09
1769630400000,153.489,153.574,153.302,153.381,9338.7
1769634000000,153.379,153.465,153.298,153.401,4690.71
1769637600000,153.401,153.429,153.329,153.407,850.84
1769641200000,153.405,153.42,153.032,153.081,5708.14
1769644800000,153.084,153.211,152.765,153.093,14104.71
1769648400000,153.094,153.355,153.073,153.26,9672.22
1769652000000,153.265,153.391,153.031,153.114,7518.17
1769655600000,153.112,153.181,152.904,152.925,5243.46
1769659200000,152.924,153.232,152.901,152.976,4875.06
1769662800000,152.976,153.091,152.905,153.018,3974.42
1769666400000,153.02,153.154,152.92,153.054,6653.16
1769670000000,153.051,153.42,152.986,153.309,8174.24
1769673600000,153.311,153.458,153.159,153.32,9021.74
1769677200000,153.322,153.382,153.14,153.315,7822.07
1769680800000,153.314,153.451,153.277,153.436,6445.37
1769684400000,153.435,153.536,153.376,153.462,5525.42
1769688000000,153.457,153.476,153.226,153.226,5714.1
1769691600000,153.25,153.405,153.178,153.332,9282.62
1769695200000,153.331,153.393,153.006,153.071,11202.89
1769698800000,153.074,153.511,152.682,152.81,28562.96
1769702400000,152.808,153.048,152.721,152.887,15644.54
1769706000000,152.885,152.971,152.802,152.903,10653.02
1769709600000,152.905,153.146,152.902,153.018,7698.12
1769713200000,153.015,153.169,153.013,153.076,5365.57
1769716800000,153.077,153.213,153.019,153.113,4560.81
1769720400000,153.113,153.175,153.055,153.089,3625.28
1769724000000,153.089,153.126,152.872,152.972,2371.57
1769727600000,152.974,153.188,152.866,153.141,3733.13
1769731200000,153.142,153.65,153.082,153.501,11287.31
1769734800000,153.504,153.79,153.462,153.753,11321.1
1769738400000,153.756,153.978,153.648,153.806,14174.12
1769742000000,153.805,153.969,153.766,153.955,6887.18
1769745600000,153.955,153.97,153.841,153.921,4695.41
1769749200000,153.923,154.139,153.773,153.917,6292.57
1769752800000,153.915,153.986,153.752,153.905,8687.18
1769756400000,153.844,154.054,153.713,153.805,11282.79
1769760000000,153.805,153.956,153.707,153.941,11868.0
1769763600000,153.943,154.285,153.93,154.278,12675.77
1769767200000,154.278,154.387,154.085,154.164,9941.9
1769770800000,154.166,154.172,153.853,153.856,9288.94
1769774400000,153.857,154.071,153.796,154.036,10197.53
1769778000000,154.041,154.373,153.986,154.366,13478.92
1769781600000,154.364,154.52,154.245,154.464,13752.42
1769785200000,154.466,154.761,154.216,154.221,21566.48
1769788800000,154.22,154.393,154.163,154.335,15521.28
1769792400000,154.335,154.531,154.317,154.444,14374.01
1769796000000,154.448,154.64,154.288,154.396,15592.38
1769799600000,154.397,154.687,154.364,154.534,11216.09
1769803200000,154.535,154.777,154.529,154.76,11121.94
1769806800000,154.761,154.794,154.709,154.756,4560.34
1769983200000,154.878,155.396,154.836,155.222,1592.94
1769986800000,155.243,155.514,155.084,155.226,11293.35
1769990400000,155.225,155.269,154.821,155.229,13411.71
1769994000000,155.23,155.389,155.009,155.035,12764.51
1769997600000,155.034,155.14,154.844,155.14,9573.4
1770001200000,155.14,155.144,154.901,154.975,8083.43
1770004800000,154.973,154.981,154.754,154.839,7931.21
1770008400000,154.845,154.965,154.758,154.892,8583.59
1770012000000,154.893,154.99,154.548,154.594,13097.65
1770015600000,154.591,154.918,154.574,154.906,9985.76
1770019200000,154.905,155.069,154.752,154.971,13470.48
1770022800000,154.971,154.993,154.751,154.773,9585.71
1770026400000,154.773,154.886,154.724,154.759,9340.26
1770030000000,154.759,154.882,154.721,154.753,7062.81
1770033600000,154.754,155.007,154.709,154.94,6783.15
1770037200000,154.972,155.296,154.934,155.225,12155.79
1770040800000,155.223,155.401,155.142,155.299,11192.45
1770044400000,155.309,155.701,155.306,155.667,14959.92
1770048000000,155.665,155.68,155.493,155.505,10455.79
1770051600000,155.503,155.556,155.418,155.506,7498.11
1770055200000,155.505,155.737,155.501,155.663,6627.71
1770058800000,155.662,155.787,155.621,155.628,4263.94
1770062400000,155.626,155.667,155.522,155.584,7752.31
1770066000000,155.583,155.62,155.526,155.619,4364.97
1770069600000,155.619,155.641,155.529,155.535,2671.6
1770073200000,155.546,155.594,155.412,155.472,3922.15
1770076800000,155.472,155.593,155.437,155.47,7609.14
1770080400000,155.469,155.618,155.414,155.47,6867.05
1770084000000,155.47,155.544,155.38,155.536,6213.41
1770087600000,155.536,155.555,155.403,155.475,6087.11
1770091200000,155.472,155.495,155.3,155.415,4228.85
1770094800000,155.416,155.474,155.341,155.43,3300.76
1770098400000,155.429,155.475,155.357,155.419,3386.62
1770102000000,155.418,155.526,155.307,155.406,6812.95
1770105600000,155.403,155.579,155.366,155.532,9704.09
1770109200000,155.529,155.876,155.508,155.872,9553.03
1770112800000,155.871,155.952,155.786,155.926,4759.44
1770116400000,155.924,155.984,155.876,155.95,4330.89
1770120000000,155.951,155.959,155.852,155.876,4801.13
1770123600000,155.878,155.894,155.771,155.883,6695.48
1770127200000,155.883,156.083,155.795,155.864,13344.65
1770130800000,155.863,155.933,155.704,155.711,9490.7
1770134400000,155.71,155.776,155.663,155.709,7295.12
1770138000000,155.711,155.73,155.526,155.72,9058.44
1770141600000,155.721,155.802,155.602,155.651,5791.25
1770145200000,155.649,155.804,155.647,155.775,4677.52
1770148800000,155.773,155.808,155.697,155.729,4351.49
1770152400000,155.728,155.787,155.694,155.73,3332.44
1770156000000,155.729,155.804,155.651,155.743,1359.64
1770159600000,155.74,155.856,155.691,155.804,2039.75
1770163200000,155.806,156.036,155.806,156.024,6543.2
1770166800000,156.028,156.185,156.017,156.133,7652.95
1770170400000,156.135,156.291,156.125,156.263,4051.41
1770174000000,156.264,156.391,156.245,156.319,4510.97
1770177600000,156.319,156.36,156.249,156.272,2206.59
1770181200000,156.272,156.352,156.237,156.301,3453.94
1770184800000,156.299,156.388,156.235,156.356,3927.51
1770188400000,156.353,156.467,156.318,156.424,3865.25
1770192000000,156.425,156.494,156.394,156.464,5705.08
1770195600000,156.461,156.666,156.396,156.646,5089.68
1770199200000,156.645,156.804,156.613,156.735,5344.96
1770202800000,156.736,156.854,156.711,156.818,5115.6
1770206400000,156.819,156.821,156.596,156.628,5063.31
1770210000000,156.648,156.761,156.459,156.478,9933.61
1770213600000,156.479,156.593,156.411,156.441,11172.83
1770217200000,156.435,156.707,156.35,156.652,13206.45
1770220800000,156.652,156.735,156.553,156.616,8158.15
1770224400000,156.615,156.69,156.461,156.67,8943.51
1770228000000,156.671,156.784,156.63,156.78,5386.63
1770231600000,156.779,156.891,156.74,156.819,9530.71
1770235200000,156.819,156.939,156.807,156.923,6703.4
1770238800000,156.923,156.946,156.828,156.828,3324.71
1770242400000,156.818,156.866,156.745,156.812,2534.58
1770246000000,156.813,156.939,156.803,156.906,2473.35
1770249600000,156.905,156.986,156.706,156.78,5009.24
1770253200000,156.781,156.942,156.778,156.861,4346.19
1770256800000,156.86,156.97,156.783,156.881,8143.75
1770260400000,156.88,156.915,156.685,156.793,5479.52
1770264000000,156.792,156.868,156.792,156.815,2615.88
1770267600000,156.814,156.986,156.814,156.976,2066.1
1770271200000,156.978,157.063,156.852,157.01,6014.4
1770274800000,156.952,157.197,156.915,157.101,6870.47
1770278400000,157.097,157.159,157.003,157.007,8825.34
1770282000000,157.007,157.335,156.999,157.331,6379.68
1770285600000,157.323,157.335,157.164,157.243,3378.36
1770289200000,157.243,157.28,157.121,157.148,5020.71
1770292800000,157.149,157.286,156.86,156.949,13742.43
1770296400000,156.943,156.948,156.528,156.591,17615.6
1770300000000,156.591,156.919,156.591,156.875,15517.8
1770303600000,156.874,156.875,156.549,156.832,16102.07
1770307200000,156.83,157.021,156.796,156.915,9271.43
1770310800000,156.915,156.935,156.801,156.805,4498.9
1770314400000,156.806,156.903,156.768,156.846,3411.84
1770318000000,156.847,156.908,156.794,156.898,2879.43
1770321600000,156.894,157.05,156.875,157.043,3250.67
1770325200000,157.044,157.094,157.014,157.026,2916.16
1770328800000,156.837,157.051,156.821,157.017,1421.12
1770332400000,157.018,157.051,156.714,156.805,4825.04
1770336000000,156.804,156.834,156.59,156.649,10643.01
1770339600000,156.649,156.79,156.51,156.656,9786.43
1770343200000,156.657,156.828,156.651,156.732,6977.13
1770346800000,156.73,156.771,156.679,156.736,3169.07
1770350400000,156.734,156.75,156.626,156.645,2934.78
1770354000000,156.647,156.769,156.594,156.759,3640.0
1770357600000,156.761,156.902,156.757,156.784,5562.42
1770361200000,156.783,156.891,156.67,156.887,5013.48
1770364800000,156.888,156.989,156.794,156.987,6176.77
1770368400000,156.987,157.073,156.972,157.05,6046.07
1770372000000,157.052,157.078,156.906,156.958,2298.17
1770375600000,156.959,157.155,156.949,157.043,7110.71
1770379200000,157.041,157.132,156.991,157.078,4227.93
1770382800000,157.076,157.125,156.902,156.938,5420.53
1770386400000,156.93,156.953,156.782,156.861,6747.37
1770390000000,156.855,157.111,156.835,156.837,8676.17
1770393600000,156.84,157.115,156.836,157.1,5876.32
1770397200000,157.1,157.13,156.99,157.05,3397.27
1770400800000,157.052,157.11,157.002,157.086,3185.12
1770404400000,157.087,157.135,157.071,157.103,1595.16
1770408000000,157.104,157.139,157.073,157.099,2389.43
1770411600000,157.1,157.271,157.092,157.196,5197.91
1770588000000,157.522,157.59,156.774,157.408,3736.21
1770591600000,157.423,157.66,157.082,157.247,8735.08
1770595200000,157.251,157.292,156.659,156.885,14223.04
1770598800000,156.882,156.906,156.208,156.63,14786.05
1770602400000,156.629,156.935,156.623,156.831,7097.24
1770606000000,156.831,156.915,156.769,156.869,4704.12
1770609600000,156.869,156.883,156.651,156.691,3876.07
1770613200000,156.695,156.71,156.52,156.613,3770.5
1770616800000,156.61,156.61,156.289,156.524,9707.89
1770620400000,156.524,156.683,156.298,156.596,6828.93
1770624000000,156.595,156.782,156.559,156.594,8676.54
1770627600000,156.596,156.701,156.397,156.643,7795.19
1770631200000,156.643,156.744,156.57,156.683,9143.95
1770634800000,156.684,156.75,156.413,156.466,9105.98
1770638400000,156.465,156.554,156.335,156.377,7285.63
1770642000000,156.343,156.392,155.911,155.946,13263.32
1770645600000,155.929,155.941,155.522,155.608,14180.52
1770649200000,155.604,155.889,155.572,155.851,10114.04
1770652800000,155.853,156.143,155.831,156.088,7279.22
1770656400000,156.086,156.135,155.956,155.963,3955.04
1770660000000,155.964,156.032,155.9,155.907,3838.01
1770663600000,155.906,155.944,155.64,155.709,3655.33
1770667200000,155.711,155.885,155.708,155.876,3341.24
1770670800000,155.875,155.927,155.851,155.862,2134.44
1770674400000,155.861,156.044,155.677,155.824,2598.53
1770678000000,155.825,156.147,155.804,156.126,2582.04
1770681600000,156.127,156.294,155.964,155.984,7055.41
1770685200000,155.981,156.059,155.674,155.73,9481.89
1770688800000,155.733,155.832,155.365,155.369,7012.29
1770692400000,155.37,155.398,155.151,155.328,6084.49
1770696000000,155.328,155.363,155.138,155.262,3877.42
1770699600000,155.262,155.324,155.086,155.302,3888.7
1770703200000,155.303,155.448,155.277,155.408,4873.8
1770706800000,155.409,155.604,155.287,155.56,5499.19
1770710400000,155.561,155.632,155.49,155.553,6283.71
1770714000000,155.552,155.554,155.248,155.282,6305.44
1770717600000,155.284,155.284,155.047,155.138,5775.28
1770721200000,155.138,155.303,155.11,155.271,3703.36
1770724800000,155.268,155.305,155.066,155.176,7401.61
1770728400000,155.197,155.23,154.728,154.772,13239.88
1770732000000,154.756,154.794,154.214,154.387,15731.8
1770735600000,154.394,154.463,154.07,154.21,16855.06
1770739200000,154.21,154.326,154.054,154.285,9560.53
1770742800000,154.287,154.418,154.156,154.38,5066.54
1770746400000,154.38,154.543,154.369,154.498,5022.29
1770750000000,154.497,154.587,154.301,154.313,3629.37
1770753600000,154.315,154.367,154.244,154.342,3315.22
1770757200000,154.342,154.433,154.316,154.383,1848.2
1770760800000,154.384,154.39,154.326,154.376,1000.56
1770764400000,154.375,154.507,154.372,154.5,1949.55
1770768000000,154.498,154.517,153.996,154.048,6849.37
1770771600000,154.048,154.065,153.835,153.979,8199.76
1770775200000,153.978,153.978,153.613,153.613,8117.09
1770778800000,153.614,153.733,153.548,153.56,5072.26
1770782400000,153.561,153.583,153.262,153.314,4612.23
1770786000000,153.312,153.392,152.997,153.039,5824.06
1770789600000,153.042,153.183,152.799,153.143,9486.96
1770793200000,153.146,153.324,153.082,153.107,7167.87
1770796800000,153.106,153.314,153.025,153.144,9800.38
1770800400000,153.145,153.404,153.105,153.206,6924.71
1770804000000,153.207,153.331,153.175,153.309,6200.75
1770807600000,153.313,153.522,153.313,153.494,5582.69
1770811200000,153.495,153.661,153.466,153.598,6928.89
1770814800000,153.601,154.651,152.847,153.831,27559.98
1770818400000,153.832,153.963,153.341,153.448,24345.52
1770822000000,153.448,153.688,153.168,153.617,16514.86
1770825600000,153.617,153.684,152.933,152.937,9726.16
1770829200000,152.936,153.022,152.552,152.828,10344.96
1770832800000,152.827,152.961,152.563,152.711,6949.53
1770836400000,152.713,152.944,152.711,152.943,6483.41
1770840000000,152.944,153.252,152.921,153.214,4786.69
1770843600000,153.215,153.312,153.202,153.236,2518.78
1770847200000,153.235,153.235,152.982,153.1,1707.78
1770850800000,153.1,153.283,153.083,153.266,2757.46
1770854400000,153.268,153.448,153.091,153.11,9357.77
1770858000000,153.109,153.16,152.789,152.854,10043.01
1770861600000,152.86,152.894,152.516,152.541,9000.37
1770865200000,152.542,152.64,152.268,152.56,8859.57
1770868800000,152.561,152.857,152.432,152.855,5960.77
1770872400000,152.853,153.191,152.819,153.102,6148.16
1770876000000,153.104,153.549,152.944,153.31,14274.93
1770879600000,153.309,153.351,152.857,153.033,9132.54
1770883200000,153.034,153.065,152.807,152.915,9087.04
1770886800000,152.917,153.013,152.798,152.911,8091.96
1770890400000,152.91,153.116,152.9,153.115,6889.47
1770894000000,153.115,153.333,153.037,153.31,5269.74
1770897600000,153.308,153.758,153.277,153.664,8964.48
1770901200000,153.679,153.721,153.225,153.24,9532.59
1770904800000,153.267,153.397,152.955,153.021,12737.93
1770908400000,153.021,153.062,152.626,152.647,14608.63
1770912000000,152.646,152.82,152.363,152.654,22718.33
1770915600000,152.653,152.887,152.548,152.85,13193.54
1770919200000,152.849,152.973,152.746,152.928,8119.2
1770922800000,152.928,152.988,152.872,152.898,6254.81
1770926400000,152.901,152.925,152.684,152.686,5632.26
1770930000000,152.686,152.788,152.666,152.728,2804.21
1770933600000,152.728,152.794,152.653,152.693,2414.11
1770937200000,152.674,152.875,152.673,152.791,2769.15
1770940800000,152.788,152.959,152.733,152.765,9560.65
1770944400000,152.771,153.345,152.761,153.264,10630.71
1770948000000,153.262,153.308,153.05,153.156,4882.34
1770951600000,153.156,153.157,152.847,152.95,5658.83
1770955200000,152.949,153.253,152.845,153.251,4206.62
1770958800000,153.253,153.396,153.066,153.291,5669.89
1770962400000,153.293,153.413,153.113,153.397,7252.42
1770966000000,153.398,153.596,153.322,153.398,7622.0
1770969600000,153.395,153.652,153.363,153.58,8980.09
1770973200000,153.584,153.662,153.451,153.507,6363.69
1770976800000,153.507,153.591,153.437,153.437,4755.35
1770980400000,153.437,153.468,153.231,153.361,5614.62
1770984000000,153.358,153.397,153.238,153.246,6311.78
1770987600000,153.263,153.337,152.917,153.066,13699.62
1770991200000,153.067,153.122,152.783,153.044,17445.32
1770994800000,153.045,153.149,152.905,153.13,13689.6
1770998400000,153.131,153.226,152.741,152.788,10066.39
1771002000000,152.787,152.871,152.595,152.804,5694.49
1771005600000,152.804,152.887,152.76,152.833,3883.88
1771009200000,152.834,152.858,152.726,152.78,3340.1
1771012800000,152.784,152.839,152.664,152.755,4183.52
1771016400000,152.758,152.765,152.621,152.625,2297.18
1771192800000,152.569,152.665,152.562,152.659,1880.9
1771196400000,152.661,152.859,152.651,152.8,3090.44
1771200000000,152.798,153.112,152.767,153.1,6229.3
1771203600000,153.101,153.164,152.963,153.021,5004.99
1771207200000,153.02,153.113,152.968,153.009,3218.8
1771210800000,153.008,153.104,152.995,153.066,2522.28
1771214400000,153.067,153.248,152.986,153.234,2995.26
1771218000000,153.233,153.245,153.143,153.196,2330.89
1771221600000,153.197,153.226,153.079,153.135,1914.0
1771225200000,153.134,153.389,153.128,153.343,4222.33
1771228800000,153.341,153.459,153.214,153.34,7881.71
1771232400000,153.34,153.615,153.295,153.57,5903.3
1771236000000,153.574,153.635,153.518,153.525,4388.43
1771239600000,153.528,153.551,153.356,153.371,3452.79
1771243200000,153.369,153.412,153.323,153.372,2668.2
1771246800000,153.371,153.448,153.296,153.334,3519.9
1771250400000,153.334,153.393,153.253,153.355,3608.11
1771254000000,153.354,153.48,153.299,153.464,3507.88
1771257600000,153.463,153.572,153.4,153.489,3377.54
1771261200000,153.489,153.563,153.457,153.47,1544.16
1771264800000,153.471,153.52,153.458,153.504,769.94
1771268400000,153.508,153.529,153.472,153.482,632.64
1771272000000,153.483,153.505,153.452,153.504,640.91
1771275600000,153.505,153.538,153.424,153.424,867.14
1771279200000,153.421,153.523,153.372,153.51,648.98
1771282800000,153.511,153.757,153.5,153.556,3507.75
1771286400000,153.55,153.585,153.164,153.185,8907.11
1771290000000,153.183,153.396,153.132,153.146,6911.86
1771293600000,153.144,153.259,153.052,153.136,4689.93
1771297200000,153.135,153.182,153.022,153.177,3806.23
1771300800000,153.179,153.223,152.99,153.087,3867.59
1771304400000,153.09,153.15,152.9,152.956,6738.39
1771308000000,152.955,152.969,152.844,152.958,5130.25
1771311600000,152.953,153.108,152.827,153.083,7827.9
1771315200000,153.082,153.179,152.724,152.725,8301.07
1771318800000,152.723,152.944,152.697,152.902,5139.71
1771322400000,152.903,153.092,152.846,152.993,4965.9
1771326000000,152.991,153.182,152.954,153.132,5096.12
1771329600000,153.13,153.184,153.061,153.065,4148.11
1771333200000,153.103,153.391,153.023,153.277,8973.98
1771336800000,153.273,153.529,153.268,153.454,11267.51
1771340400000,153.45,153.923,153.449,153.796,12247.8
1771344000000,153.797,153.846,153.496,153.567,7930.26
1771347600000,153.568,153.582,153.433,153.468,5505.58
1771351200000,153.47,153.48,153.305,153.355,3853.83
1771354800000,153.354,153.397,153.229,153.253,3097.09
1771358400000,153.254,153.3,153.182,153.286,3087.79
1771362000000,153.286,153.303,153.225,153.3,1509.02
1771365600000,153.299,153.299,153.169,153.253,1396.11
1771369200000,153.256,153.303,153.103,153.13,2945.6
1771372800000,153.13,153.304,153.069,153.227,6296.23
1771376400000,153.228,153.463,153.223,153.442,4769.82
1771380000000,153.445,153.7,153.443,153.518,3527.04
1771383600000,153.519,153.603,153.464,153.6,2843.83
1771387200000,153.606,153.618,153.512,153.597,2641.54
1771390800000,153.599,153.615,153.45,153.457,2102.95
1771394400000,153.458,153.53,153.392,153.417,3952.73
1771398000000,153.422,153.715,153.412,153.67,4742.23
1771401600000,153.672,153.79,153.577,153.721,5464.71
1771405200000,153.719,153.798,153.641,153.726,4441.65
1771408800000,153.726,153.857,153.695,153.81,3332.48
1771412400000,153.811,153.816,153.654,153.706,3106.72
1771416000000,153.708,153.801,153.552,153.684,4730.75
1771419600000,153.686,153.946,153.615,153.944,9483.53
1771423200000,153.943,154.443,153.913,154.379,14532.29
1771426800000,154.375,154.434,154.245,154.283,9159.39
1771430400000,154.284,154.489,154.231,154.453,4895.16
1771434000000,154.451,154.603,154.412,154.531,4467.74
1771437600000,154.533,154.791,154.521,154.738,5305.43
1771441200000,154.738,154.869,154.342,154.722,9562.94
1771444800000,154.722,154.834,154.699,154.815,4433.79
1771448400000,154.812,154.852,154.774,154.782,2353.58
1771452000000,154.781,154.786,154.724,154.731,818.05
1771455600000,154.767,154.796,154.683,154.684,2413.11
1771459200000,154.687,154.835,154.619,154.732,7196.08
1771462800000,154.731,154.982,154.656,154.95,5542.1
1771466400000,154.952,155.046,154.756,154.998,6194.87
1771470000000,154.999,155.252,154.926,155.141,7002.17
1771473600000,155.139,155.294,155.099,155.119,4101.21
1771477200000,155.118,155.33,155.102,155.304,4116.58
1771480800000,155.302,155.341,154.962,155.07,4790.79
1771484400000,155.072,155.193,154.934,154.976,4900.27
1771488000000,154.977,155.025,154.704,154.813,10311.41
1771491600000,154.814,154.976,154.752,154.809,6722.15
1771495200000,154.806,154.853,154.66,154.705,5916.12
1771498800000,154.703,154.723,154.573,154.626,4997.97
1771502400000,154.63,154.813,154.542,154.801,4747.76
1771506000000,154.811,155.04,154.793,154.9,8414.93
1771509600000,154.917,155.283,154.894,155.216,11510.55
1771513200000,155.219,155.264,154.954,154.998,11153.84
1771516800000,155.001,155.01,154.859,154.966,6685.47
1771520400000,154.963,155.031,154.92,155.019,4339.06
1771524000000,155.017,155.027,154.827,154.874,3931.1
1771527600000,154.873,155.13,154.828,155.079,3314.87
1771531200000,155.084,155.12,155.006,155.083,2201.2
1771534800000,155.081,155.103,154.955,154.981,2498.55
1771538400000,154.981,155.019,154.82,154.958,1727.38
1771542000000,154.958,155.209,154.929,155.195,2944.94
1771545600000,155.196,155.237,154.899,155.069,6321.46
1771549200000,155.071,155.316,154.962,155.144,8196.33
1771552800000,155.142,155.237,155.053,155.2,4529.06
1771556400000,155.199,155.21,155.094,155.143,2406.7
1771560000000,155.142,155.225,155.072,155.206,2631.17
1771563600000,155.206,155.366,155.171,155.292,4830.47
1771567200000,155.292,155.374,155.143,155.159,4419.84
1771570800000,155.16,155.505,154.945,155.497,7192.13
1771574400000,155.495,155.598,155.291,155.553,9688.71
1771578000000,155.555,155.643,155.367,155.395,6281.56
1771581600000,155.394,155.436,155.159,155.178,3927.86
1771585200000,155.179,155.273,155.122,155.223,5167.56
1771588800000,155.224,155.315,155.178,155.249,4595.15
1771592400000,155.253,155.446,155.046,155.417,9119.48
1771596000000,155.416,155.537,155.351,155.383,9153.44
1771599600000,155.383,155.524,154.77,154.851,26764.42
1771603200000,154.855,155.093,154.712,154.988,11345.14
1771606800000,154.991,155.203,154.936,154.995,7620.31
1771610400000,154.996,155.078,154.812,155.022,9403.83
1771614000000,155.022,155.186,154.963,155.129,4105.42
1771617600000,155.131,155.165,154.982,155.064,3426.16
1771621200000,155.063,155.079,154.95,154.988,3872.8
1771797600000,154.849,154.951,154.849,154.907,1789.5
1771801200000,154.903,154.95,154.316,154.341,6651.94
1771804800000,154.342,154.472,154.055,154.059,9195.43
1771808400000,154.054,154.282,153.996,154.216,8303.83
1771812000000,154.213,154.273,154.073,154.215,5012.15
1771815600000,154.218,154.429,154.218,154.256,3869.75
1771819200000,154.255,154.445,154.22,154.392,2775.53
1771822800000,154.394,154.488,154.387,154.437,2168.11
1771826400000,154.437,154.494,154.226,154.465,3917.19
1771830000000,154.465,154.608,154.455,154.482,7117.7
1771833600000,154.478,154.781,154.456,154.717,7732.63
1771837200000,154.717,154.862,154.622,154.81,5054.87
1771840800000,154.809,154.891,154.755,154.787,3493.55
1771844400000,154.794,154.944,154.755,154.923,3450.29
1771848000000,154.92,155.043,154.849,154.897,5276.16
1771851600000,154.906,154.951,154.563,154.622,8527.0
1771855200000,154.623,154.823,154.542,154.545,7954.64
1771858800000,154.544,154.552,154.354,154.426,9308.62
1771862400000,154.427,154.475,154.274,154.303,6694.2
1771866000000,154.302,154.414,154.221,154.39,4694.41
1771869600000,154.391,154.646,154.388,154.495,3575.42
1771873200000,154.497,154.667,154.481,154.618,2780.46
1771876800000,154.615,154.722,154.603,154.71,2316.6
1771880400000,154.71,154.764,154.624,154.624,1948.34
1771884000000,154.601,154.623,154.519,154.605,1548.81
1771887600000,154.604,154.703,154.525,154.66,2876.98
1771891200000,154.66,154.872,154.623,154.865,6238.53
1771894800000,154.864,155.134,154.847,154.973,7352.39
1771898400000,154.945,155.107,154.871,154.913,5424.56
1771902000000,154.911,155.121,154.863,155.117,3450.29
1771905600000,155.118,155.312,155.07,155.246,4476.94
1771909200000,155.247,155.306,155.164,155.166,4088.53
1771912800000,155.164,155.191,154.969,154.972,4295.15
1771916400000,154.972,156.168,154.943,156.099,18376.72
1771920000000,156.1,156.281,155.905,155.948,12517.57
1771923600000,155.949,155.978,155.729,155.856,6607.0
1771927200000,155.857,155.933,155.745,155.892,4416.04
1771930800000,155.887,155.949,155.679,155.879,4509.36
1771934400000,155.879,156.02,155.833,155.881,4768.9
1771938000000,155.882,156.092,155.772,156.056,6183.79
1771941600000,156.055,156.173,155.918,155.969,6767.49
1771945200000,155.975,156.106,155.815,155.911,9022.98
1771948800000,155.913,155.932,155.585,155.662,5424.99
1771952400000,155.661,155.78,155.624,155.754,3889.57
1771956000000,155.756,155.801,155.69,155.777,2555.81
1771959600000,155.778,155.818,155.706,155.778,3176.55
1771963200000,155.778,155.88,155.744,155.879,2363.92
1771966800000,155.881,155.924,155.822,155.822,1851.84
1771970400000,155.817,155.862,155.749,155.814,1015.74
1771974000000,155.817,155.912,155.787,155.91,1546.14
1771977600000,155.91,155.992,155.66,155.668,6476.13
1771981200000,155.667,155.839,155.616,155.777,5308.62
1771984800000,155.773,155.804,155.394,155.46,7275.64
1771988400000,155.464,156.04,155.344,155.823,8816.25
1771992000000,155.824,156.042,155.7,155.734,3833.33
1771995600000,155.736,155.797,155.573,155.596,3110.41
1771999200000,155.595,155.791,155.527,155.713,4477.87
1772002800000,155.709,155.923,155.683,155.92,5485.25
1772006400000,155.919,156.306,155.909,156.306,7608.94
1772010000000,156.307,156.661,156.305,156.559,10772.22
1772013600000,156.556,156.777,156.542,156.77,5289.96
1772017200000,156.772,156.824,156.729,156.795,4430.52
1772020800000,156.798,156.799,156.654,156.682,4514.41
1772024400000,156.681,156.747,156.589,156.694,4615.51
1772028000000,156.695,156.758,156.442,156.613,6311.18
1772031600000,156.612,156.614,156.334,156.371,8825.29
1772035200000,156.37,156.473,156.301,156.301,5100.11
1772038800000,156.301,156.373,156.238,156.327,3531.57
1772042400000,156.327,156.411,156.282,156.397,2579.41
1772046000000,156.396,156.54,156.367,156.444,2347.43
1772049600000,156.443,156.456,156.341,156.443,2938.03
1772053200000,156.45,156.482,156.333,156.333,2792.88
1772056800000,156.331,156.389,156.24,156.299,1324.72
1772060400000,156.332,156.332,156.116,156.169,2923.49
1772064000000,156.168,156.233,155.959,155.99,5662.87
1772067600000,155.992,156.054,155.807,155.83,6127.44
1772071200000,155.831,156.051,155.754,155.935,5203.18
1772074800000,155.936,155.994,155.8,155.937,3747.26
1772078400000,155.934,156.098,155.888,155.901,3245.0
1772082000000,155.903,155.97,155.702,155.94,5885.01
1772085600000,155.939,156.073,155.893,155.982,4752.05
1772089200000,155.98,156.169,155.98,156.051,5748.49
1772092800000,156.047,156.174,155.916,156.0,5661.49
1772096400000,156.001,156.088,155.919,156.067,3571.36
1772100000000,156.068,156.099,155.951,155.955,2581.96
1772103600000,155.956,156.08,155.919,156.076,2899.88
1772107200000,156.076,156.15,155.983,156.072,4368.55
1772110800000,156.073,156.174,155.939,156.16,7280.67
1772114400000,156.159,156.251,155.83,155.925,10049.45
1772118000000,155.927,156.126,155.842,156.038,13887.95
1772121600000,156.041,156.273,156.039,156.132,7255.78
1772125200000,156.132,156.399,156.122,156.389,6833.49
1772128800000,156.389,156.43,156.29,156.384,6254.29
1772132400000,156.381,156.389,156.112,156.129,4145.39
1772136000000,156.128,156.147,156.062,156.13,3422.94
1772139600000,156.128,156.15,156.055,156.115,2459.77
1772143200000,156.116,156.149,156.022,156.088,3589.37
1772146800000,156.087,156.099,155.829,155.857,3292.52
1772150400000,155.857,155.972,155.668,155.887,9991.73
1772154000000,155.746,155.985,155.707,155.979,8301.17
1772157600000,155.978,155.979,155.736,155.743,4225.55
1772161200000,155.741,155.815,155.694,155.771,4057.21
1772164800000,155.772,155.836,155.535,155.588,4124.35
1772168400000,155.588,155.834,155.577,155.83,3375.54
1772172000000,155.832,155.951,155.774,155.879,3845.71
1772175600000,155.877,156.121,155.877,156.078,6459.07
1772179200000,156.078,156.174,155.96,156.135,7048.36
1772182800000,156.136,156.231,156.054,156.069,5924.14
1772186400000,156.067,156.085,155.923,155.977,3535.68
1772190000000,155.978,156.0,155.864,155.908,2984.75
1772193600000,155.906,155.951,155.834,155.889,3773.69
1772197200000,155.888,156.179,155.886,156.17,10163.03
1772200800000,156.172,156.225,155.927,156.18,10061.6
1772204400000,156.177,156.207,155.95,156.067,13250.19
1772208000000,156.071,156.142,155.965,156.054,7794.48
1772211600000,156.054,156.13,155.915,156.053,6279.86
1772215200000,156.05,156.096,155.992,156.011,3432.94
1772218800000,156.013,156.022,155.885,156.015,3042.76
1772222400000,156.017,156.178,155.961,156.177,3331.28
1772226000000,156.175,156.193,156.017,156.017,3921.28
1772402400000,155.948,156.326,155.948,156.118,1160.68
1772406000000,156.117,156.66,156.117,156.631,11069.63
1772409600000,156.633,156.805,156.327,156.395,14350.95
1772413200000,156.397,156.599,156.211,156.216,15157.22
1772416800000,156.215,156.441,156.168,156.285,8221.14
1772420400000,156.284,156.339,156.158,156.32,7296.43
1772424000000,156.318,156.586,156.285,156.522,5511.48
1772427600000,156.529,156.856,156.529,156.831,8543.02
1772431200000,156.832,157.017,156.817,156.885,10296.57
1772434800000,156.886,157.038,156.882,156.978,12819.02
1772438400000,156.979,157.248,156.901,156.973,13011.71
1772442000000,156.974,157.021,156.796,157.007,8397.62
1772445600000,157.008,157.014,156.795,156.918,6537.91
1772449200000,156.918,157.006,156.858,156.962,5873.2
1772452800000,156.962,157.402,156.957,157.38,9571.29
1772456400000,157.378,157.604,157.35,157.518,12686.73
1772460000000,157.519,157.566,157.412,157.49,14685.82
1772463600000,157.49,157.75,157.482,157.731,15387.7
1772467200000,157.732,157.751,157.37,157.485,12384.49
1772470800000,157.486,157.494,157.338,157.358,8108.37
1772474400000,157.358,157.49,157.331,157.373,6566.42
1772478000000,157.373,157.376,157.12,157.149,6107.45
1772481600000,157.145,157.492,157.113,157.35,13306.9
1772485200000,157.349,157.4,157.279,157.348,4733.05
1772488800000,157.341,157.409,157.247,157.375,757.01
1772492400000,157.375,157.408,157.176,157.268,5088.36
1772496000000,157.27,157.515,157.193,157.48,9984.1
1772499600000,157.482,157.596,157.281,157.284,9223.88
1772503200000,157.286,157.39,157.174,157.27,7668.88
1772506800000,157.248,157.385,157.197,157.28,5885.96
1772510400000,157.279,157.415,157.194,157.396,5473.01
1772514000000,157.397,157.435,157.267,157.395,5762.76
1772517600000,157.394,157.486,157.207,157.219,7175.94
1772521200000,157.22,157.452,157.15,157.409,10802.45
1772524800000,157.415,157.581,157.299,157.511,13466.69
1772528400000,157.51,157.819,157.463,157.669,12097.03
1772532000000,157.67,157.85,157.6,157.836,10023.04
1772535600000,157.836,157.969,157.671,157.68,11542.92
1772539200000,157.68,157.767,157.5,157.641,11959.86
1772542800000,157.64,157.817,157.614,157.801,11352.03
1772546400000,157.8,157.951,157.715,157.716,14163.44
1772550000000,157.715,157.911,157.6,157.84,18280.42
1772553600000,157.84,157.924,157.612,157.695,14359.3
1772557200000,157.694,157.865,157.675,157.834,10803.47
1772560800000,157.835,157.844,157.499,157.65,8165.97
1772564400000,157.649,157.82,157.471,157.664,10138.25
1772568000000,157.663,157.673,157.483,157.662,7044.58
1772571600000,157.661,157.754,157.633,157.696,4654.04
1772575200000,157.69,157.702,157.411,157.565,1062.27
1772578800000,157.572,157.792,157.552,157.763,3937.54
1772582400000,157.764,157.861,157.483,157.615,10817.03
1772586000000,157.63,157.761,157.535,157.586,9502.63
1772589600000,157.593,157.614,157.474,157.6,6199.37
1772593200000,157.601,157.641,157.366,157.405,4263.49
1772596800000,157.406,157.424,157.178,157.372,5743.11
1772600400000,157.373,157.628,157.35,157.568,5236.22
1772604000000,157.568,157.653,157.379,157.431,6625.34
1772607600000,157.436,157.479,157.253,157.462,6919.69
1772611200000,157.46,157.533,157.257,157.401,8882.39
1772614800000,157.401,157.465,157.087,157.199,8942.04
1772618400000,157.198,157.325,156.855,157.282,12628.3
1772622000000,157.283,157.347,157.066,157.217,6234.28
1772625600000,157.218,157.339,157.038,157.313,7581.83
1772629200000,157.236,157.321,157.087,157.294,11195.63
1772632800000,157.297,157.413,157.24,157.25,12575.52
1772636400000,157.248,157.395,157.102,157.115,13282.47
1772640000000,157.118,157.119,156.892,156.938,8656.17
1772643600000,156.94,157.034,156.881,156.977,5429.14
1772647200000,156.977,157.169,156.975,157.162,3643.9
1772650800000,157.161,157.161,156.969,157.002,3617.61
1772654400000,157.002,157.104,156.968,157.088,4027.34
1772658000000,157.089,157.115,157.007,157.032,4294.27
1772661600000,157.034,157.075,157.008,157.009,674.39
1772665200000,157.009,157.092,156.972,156.976,2729.12
1772668800000,156.977,157.009,156.544,156.568,8083.93
1772672400000,156.567,156.767,156.447,156.763,10414.13
1772676000000,156.771,156.961,156.717,156.95,6186.59
1772679600000,156.948,157.081,156.892,156.992,7381.03
1772683200000,156.992,157.148,156.99,157.12,4625.9
1772686800000,157.122,157.215,156.975,157.19,6872.41
1772690400000,157.192,157.252,156.959,157.039,8781.08
1772694000000,157.04,157.288,156.959,157.257,7889.15
1772697600000,157.256,157.375,157.167,157.276,12172.57
1772701200000,157.276,157.308,156.897,157.156,18320.2
1772704800000,157.157,157.296,157.106,157.292,6626.41
1772708400000,157.291,157.363,157.239,157.347,5863.96
1772712000000,157.349,157.498,157.288,157.44,7369.25
1772715600000,157.441,157.777,157.432,157.764,10054.29
1772719200000,157.765,157.772,157.526,157.565,11744.07
1772722800000,157.566,157.773,157.392,157.617,11940.91
1772726400000,157.619,157.784,157.531,157.58,11118.63
1772730000000,157.579,157.845,157.553,157.688,10134.69
1772733600000,157.689,157.841,157.633,157.729,9392.43
1772737200000,157.731,157.847,157.692,157.813,5186.91
1772740800000,157.812,157.847,157.413,157.554,9899.7
1772744400000,157.554,157.593,157.474,157.581,4758.96
1772748000000,157.581,157.596,157.416,157.5,1681.19
1772751600000,157.504,157.602,157.469,157.566,3389.3
1772755200000,157.564,157.566,157.381,157.465,7948.28
1772758800000,157.463,157.589,157.413,157.481,7898.17
1772762400000,157.482,157.546,157.447,157.501,4484.4
1772766000000,157.502,157.512,157.466,157.49,2441.93
1772769600000,157.488,157.684,157.488,157.667,2899.38
1772773200000,157.67,157.874,157.637,157.842,5410.04
1772776800000,157.841,157.9,157.723,157.729,5192.93
1772780400000,157.73,157.768,157.533,157.535,5277.0
1772784000000,157.533,157.662,157.5,157.653,6160.0
1772787600000,157.652,157.891,157.651,157.86,7859.05
1772791200000,157.861,157.896,157.762,157.877,6593.75
1772794800000,157.876,157.991,157.832,157.952,6854.8
1772798400000,157.951,158.085,157.848,158.001,7693.86
1772802000000,157.962,158.003,157.37,157.873,21116.99
1772805600000,157.874,158.088,157.643,157.667,20911.7
1772809200000,157.666,157.771,157.544,157.584,17058.83
1772812800000,157.585,157.715,157.511,157.639,12426.67
1772816400000,157.639,157.853,157.598,157.8,11226.73
1772820000000,157.802,157.874,157.612,157.811,8863.37
1772823600000,157.809,157.876,157.747,157.875,5866.27
1772827200000,157.876,157.96,157.834,157.904,5288.11
1772830800000,157.905,157.908,157.707,157.707,7731.89
1773003600000,158.04,158.088,158.04,158.083,233.06
1773007200000,158.082,158.475,158.073,158.308,9121.83
1773010800000,158.308,158.442,158.201,158.4,15111.48
1773014400000,158.399,158.694,158.305,158.648,10033.72
1773018000000,158.651,158.735,158.57,158.693,9498.75
1773021600000,158.692,158.76,158.633,158.707,7319.39
1773025200000,158.704,158.898,158.658,158.859,6336.1
1773028800000,158.858,158.869,158.654,158.72,4930.31
1773032400000,158.72,158.772,158.324,158.373,11255.83
1773036000000,158.37,158.642,158.359,158.62,9876.81
1773039600000,158.621,158.656,158.402,158.459,10373.41
1773043200000,158.459,158.687,158.357,158.631,13943.25
1773046800000,158.633,158.647,158.19,158.433,17208.17
1773050400000,158.433,158.575,158.356,158.459,11710.63
1773054000000,158.46,158.507,158.368,158.468,11049.43
1773057600000,158.468,158.598,158.349,158.57,9827.17
1773061200000,158.569,158.581,158.186,158.322,16952.36
1773064800000,158.321,158.547,158.292,158.385,18853.84
1773068400000,158.384,158.396,157.997,158.082,11726.65
1773072000000,158.08,158.224,157.971,158.136,8849.53
1773075600000,158.137,158.347,158.114,158.34,5664.99
1773079200000,158.341,158.407,158.243,158.4,6251.22
1773082800000,158.4,158.415,157.641,157.856,24357.9
1773086400000,157.856,157.918,157.627,157.648,7641.56
1773090000000,157.648,157.725,157.608,157.658,1066.41
1773093600000,157.657,157.903,157.63,157.808,8352.55
1773097200000,157.808,157.954,157.759,157.875,6707.46
1773100800000,157.876,157.947,157.563,157.59,10885.02
1773104400000,157.592,157.773,157.531,157.626,8476.05
1773108000000,157.625,157.822,157.597,157.812,6584.56
1773111600000,157.811,157.918,157.797,157.887,5008.48
1773115200000,157.888,157.93,157.761,157.775,2953.74
1773118800000,157.776,157.784,157.62,157.638,4329.47
1773122400000,157.639,157.651,157.464,157.545,5205.73
1773126000000,157.548,157.618,157.272,157.341,9518.21
1773129600000,157.296,157.712,157.296,157.699,10782.2
1773133200000,157.698,157.721,157.547,157.66,8750.11
1773136800000,157.661,157.893,157.661,157.764,8944.61
1773140400000,157.763,157.838,157.64,157.794,9762.76
1773144000000,157.795,157.976,157.759,157.809,10452.22
1773147600000,157.808,157.866,157.656,157.833,12897.07
1773151200000,157.836,157.915,157.642,157.688,11336.21
1773154800000,157.69,157.762,157.548,157.6,9569.11
1773158400000,157.599,157.706,157.529,157.57,6861.66
1773162000000,157.571,157.651,157.402,157.601,9936.14
1773165600000,157.597,157.981,157.595,157.867,16990.77
1773169200000,157.868,158.132,157.845,158.033,10805.33
1773172800000,158.033,158.088,157.971,158.041,3538.07
1773176400000,158.04,158.094,158.036,158.078,286.28
1773180000000,158.083,158.179,158.053,158.159,1505.34
1773183600000,158.159,158.184,158.053,158.104,2564.21
1773187200000,158.106,158.223,157.918,158.193,8058.89
1773190800000,158.194,158.333,158.175,158.275,7460.68
1773194400000,158.274,158.392,158.227,158.293,4148.42
1773198000000,158.294,158.306,158.167,158.195,3431.25
1773201600000,158.197,158.255,158.096,158.104,2786.03
1773205200000,158.106,158.179,158.061,158.17,4295.86
1773208800000,158.168,158.175,157.86,157.996,5671.39
1773212400000,157.998,158.274,157.962,158.222,7731.05
1773216000000,158.223,158.444,158.196,158.398,7134.94
1773219600000,158.402,158.489,158.345,158.474,7354.99
1773223200000,158.477,158.486,158.252,158.286,5592.14
1773226800000,158.288,158.502,158.249,158.498,7249.03
1773230400000,158.497,158.626,158.312,158.609,13698.4
1773234000000,158.61,158.648,158.474,158.477,10495.62
1773237600000,158.477,158.695,158.306,158.687,14662.17
1773241200000,158.686,158.853,158.672,158.831,7639.24
1773244800000,158.831,158.862,158.768,158.833,6341.04
1773248400000,158.833,158.975,158.816,158.852,7041.92
1773252000000,158.85,158.94,158.835,158.927,4500.67
1773255600000,158.926,158.968,158.908,158.946,2831.12
1773259200000,158.946,158.969,158.918,158.944,2234.2
1773262800000,158.944,158.944,158.775,158.839,658.39
1773266400000,158.839,158.994,158.827,158.984,4070.19
1773270000000,158.983,159.131,158.938,159.084,4984.02
1773273600000,159.085,159.235,158.928,158.975,7792.96
1773277200000,158.977,158.982,158.781,158.859,6053.25
1773280800000,158.858,159.11,158.836,159.056,4085.33
1773284400000,159.056,159.067,158.976,159.026,3217.37
1773288000000,159.024,159.155,159.011,159.125,2073.24
1773291600000,159.125,159.125,158.971,159.112,5089.84
1773295200000,159.114,159.114,158.881,158.901,3793.26
1773298800000,158.905,158.997,158.783,158.798,5617.44
1773302400000,158.797,158.941,158.671,158.884,5928.16
1773306000000,158.882,158.935,158.71,158.754,4995.21
1773309600000,158.755,158.822,158.688,158.716,5417.01
1773313200000,158.717,158.743,158.567,158.691,5540.8
1773316800000,158.69,158.932,158.679,158.891,8717.98
1773320400000,158.892,159.06,158.805,158.995,13705.44
1773324000000,158.994,159.198,158.945,159.181,11143.32
1773327600000,159.183,159.286,159.102,159.209,12454.26
1773331200000,159.208,159.287,159.132,159.207,10113.02
1773334800000,159.21,159.345,159.114,159.314,7409.18
1773338400000,159.314,159.41,159.28,159.402,6972.97
1773342000000,159.401,159.429,159.312,159.371,5828.75
1773345600000,159.375,159.416,159.295,159.327,3424.77
1773349200000,159.326,159.37,159.21,159.299,755.73
1773352800000,159.321,159.421,159.25,159.267,7400.96
1773356400000,159.266,159.361,159.181,159.24,4269.76
1773360000000,159.236,159.238,159.009,159.092,9636.95
1773363600000,159.093,159.282,159.034,159.27,8262.14
1773367200000,159.27,159.371,159.196,159.282,8037.94
1773370800000,159.284,159.415,159.252,159.354,5914.88
1773374400000,159.358,159.683,159.346,159.504,8248.74
1773378000000,159.505,159.505,159.317,159.429,4587.09
1773381600000,159.431,159.464,159.317,159.428,10339.12
1773385200000,159.43,159.542,159.349,159.455,10390.79
1773388800000,159.437,159.531,159.327,159.332,11007.67
1773392400000,159.331,159.493,159.251,159.479,6971.75
1773396000000,159.477,159.501,159.331,159.401,5275.41
1773399600000,159.403,159.448,159.286,159.286,6958.27
1773403200000,159.285,159.419,159.207,159.332,11670.1
1773406800000,159.331,159.361,159.007,159.092,11070.6
1773410400000,159.088,159.378,159.088,159.368,10782.37
1773414000000,159.366,159.598,159.36,159.54,12024.74
1773417600000,159.541,159.634,159.509,159.612,9532.1
1773421200000,159.611,159.685,159.547,159.572,6613.23
1773424800000,159.571,159.676,159.562,159.633,4833.77
1773428400000,159.629,159.692,159.597,159.676,3746.94
1773432000000,159.674,159.749,159.646,159.721,4272.71
1773608400000,159.528,159.605,159.506,159.598,305.49
1773612000000,159.596,159.746,159.498,159.522,4144.91
1773615600000,159.524,159.62,159.501,159.559,4652.59
1773619200000,159.56,159.56,159.252,159.299,8270.35
1773622800000,159.299,159.504,159.284,159.42,6639.66
1773626400000,159.423,159.604,159.407,159.585,3934.84
1773630000000,159.586,159.639,159.47,159.497,3669.25
1773633600000,159.499,159.619,159.488,159.561,3736.03
1773637200000,159.562,159.583,159.316,159.343,4129.78
1773640800000,159.345,159.407,159.272,159.289,4823.16
1773644400000,159.291,159.381,159.172,159.287,9674.75
1773648000000,159.286,159.372,159.222,159.348,5693.03
1773651600000,159.349,159.382,159.247,159.32,4671.76
1773655200000,159.317,159.345,159.2,159.223,5397.99
1773658800000,159.224,159.261,159.1,159.126,5456.23
1773662400000,159.125,159.142,158.958,159.132,7798.42
1773666000000,159.132,159.175,158.9,158.935,8644.03
1773669600000,158.934,159.189,158.849,159.141,9209.24
1773673200000,159.142,159.326,159.051,159.291,8001.72
1773676800000,159.293,159.355,159.193,159.265,8115.13
1773680400000,159.264,159.301,159.131,159.267,7541.3
1773684000000,159.268,159.269,158.909,158.963,9061.54
1773687600000,158.961,159.183,158.931,159.152,9037.37
1773691200000,159.15,159.155,159.029,159.049,3625.93
1773694800000,159.049,159.086,158.971,159.024,2584.46
1773698400000,159.031,159.144,159.029,159.115,1803.91
1773702000000,159.114,159.22,159.078,159.132,2045.29
1773705600000,159.133,159.345,159.119,159.316,5960.33
1773709200000,159.318,159.452,159.296,159.375,5892.81
1773712800000,159.374,159.428,159.314,159.362,2288.69
1773716400000,159.363,159.404,159.275,159.35,3537.3
1773720000000,159.348,159.391,159.215,159.232,2289.19
1773723600000,159.231,159.444,159.206,159.439,4175.97
1773727200000,159.439,159.494,159.342,159.35,5384.41
1773730800000,159.351,159.401,159.17,159.232,4403.41
1773734400000,159.233,159.235,159.058,159.105,7102.46
1773738000000,159.104,159.192,159.066,159.129,4744.64
1773741600000,159.129,159.213,159.047,159.119,4222.36
1773745200000,159.117,159.14,158.965,159.1,4090.98
1773748800000,159.101,159.153,158.965,159.033,6122.52
1773752400000,159.031,159.031,158.72,158.873,9904.39
1773756000000,158.875,159.014,158.815,158.932,8102.83
1773759600000,158.932,159.113,158.856,159.029,10734.9
1773763200000,159.029,159.114,158.876,158.94,7874.92
1773766800000,158.942,159.011,158.919,158.966,3824.79
1773770400000,158.967,159.047,158.892,159.046,3247.81
1773774000000,159.045,159.064,158.979,159.04,3825.02
1773777600000,159.04,159.055,158.977,158.977,2761.66
1773781200000,158.977,158.983,158.853,158.962,2003.95
1773784800000,158.962,158.993,158.908,158.964,1825.03
1773788400000,158.967,158.979,158.871,158.909,3337.84
1773792000000,158.908,159.138,158.801,159.065,14998.5
1773795600000,159.064,159.086,158.97,159.012,4471.99
1773799200000,159.01,159.035,158.879,158.912,3106.82
1773802800000,158.915,158.987,158.907,158.931,2073.2
1773806400000,158.932,158.932,158.752,158.812,3078.47
1773810000000,158.813,158.816,158.653,158.699,3781.66
1773813600000,158.7,158.779,158.566,158.743,5299.31
1773817200000,158.747,158.874,158.68,158.758,6286.89
1773820800000,158.76,158.988,158.76,158.948,5029.16
1773824400000,158.948,159.048,158.895,158.91,5905.99
1773828000000,158.91,159.027,158.909,159.013,3289.14
1773831600000,159.013,159.112,158.897,158.976,7748.03
1773835200000,158.974,159.473,158.957,159.44,14419.09
1773838800000,159.446,159.582,159.433,159.495,14229.98
1773842400000,159.494,159.532,159.42,159.421,10701.68
1773846000000,159.423,159.496,159.367,159.483,9933.86
1773849600000,159.482,159.514,159.396,159.467,6744.54
1773853200000,159.467,159.541,159.367,159.393,5605.95
1773856800000,159.395,159.731,159.255,159.729,16929.39
1773860400000,159.728,159.836,159.687,159.825,7434.19
1773864000000,159.824,159.899,159.806,159.838,5092.98
1773867600000,159.833,159.845,159.69,159.69,842.66
1773871200000,159.729,159.847,159.717,159.767,3517.3
1773874800000,159.768,159.84,159.753,159.812,4304.93
1773878400000,159.816,159.847,159.684,159.775,9698.49
1773882000000,159.776,159.815,159.582,159.661,5577.15
1773885600000,159.661,159.705,159.543,159.64,5890.42
1773889200000,159.661,159.711,159.608,159.628,3554.65
1773892800000,159.627,159.675,159.589,159.653,2499.67
1773896400000,159.652,159.746,159.638,159.709,2568.12
1773900000000,159.706,159.803,159.605,159.681,7963.11
1773903600000,159.679,159.697,159.197,159.235,18209.24
1773907200000,159.232,159.387,159.037,159.182,13538.49
1773910800000,159.181,159.278,159.069,159.15,15080.76
1773914400000,159.149,159.245,159.109,159.121,6804.52
1773918000000,159.123,159.16,159.044,159.06,4949.95
1773921600000,159.059,159.292,158.852,158.905,16569.12
1773925200000,158.906,158.939,158.12,158.221,23260.48
1773928800000,158.223,158.425,158.062,158.365,23375.8
1773932400000,158.365,158.559,158.141,158.191,18432.42
1773936000000,158.19,158.22,158.042,158.044,16455.98
1773939600000,158.044,158.094,157.797,157.811,9463.47
1773943200000,157.812,157.911,157.69,157.691,8868.86
1773946800000,157.69,157.698,157.506,157.646,17898.5
1773950400000,157.647,157.726,157.608,157.726,3607.72
1773954000000,157.726,157.794,157.551,157.762,1175.17
1773957600000,157.76,157.895,157.698,157.872,2892.02
1773961200000,157.873,157.989,157.806,157.93,3937.1
1773964800000,157.93,157.983,157.803,157.857,6091.16
1773968400000,157.857,158.139,157.747,158.106,6314.64
1773972000000,158.105,158.347,158.105,158.304,3924.52
1773975600000,158.304,158.401,158.276,158.389,3956.73
1773979200000,158.392,158.413,158.343,158.38,2088.13
1773982800000,158.38,158.431,158.348,158.429,2656.17
1773986400000,158.427,158.434,158.333,158.415,4249.57
1773990000000,158.416,158.451,158.28,158.294,7120.11
1773993600000,158.292,158.489,158.257,158.486,6110.31
1773997200000,158.485,158.861,158.45,158.833,7334.78
1774000800000,158.832,158.899,158.681,158.716,8995.84
1774004400000,158.717,158.727,158.518,158.58,6886.54
1774008000000,158.579,158.713,158.518,158.698,10367.07
1774011600000,158.697,159.02,158.67,159.018,12807.88
1774015200000,159.019,159.179,159.005,159.126,12425.61
1774018800000,159.122,159.261,158.968,159.256,14877.88
1774022400000,159.255,159.286,159.15,159.267,9634.04
1774026000000,159.266,159.36,159.142,159.222,10647.69
1774029600000,159.221,159.386,159.185,159.352,8587.51
1774033200000,159.351,159.371,159.232,159.301,7115.1
1774036800000,159.3,159.328,159.21,159.216,5943.73
1774213200000,159.254,159.373,159.065,159.257,965.86
1774216800000,159.26,159.469,159.232,159.292,4053.04
1774220400000,159.293,159.304,159.106,159.148,6374.69
1774224000000,159.148,159.523,159.013,159.5,11202.41
1774227600000,159.503,159.528,159.335,159.482,9032.88
1774231200000,159.479,159.587,159.415,159.524,5221.82
1774234800000,159.524,159.617,159.328,159.457,5695.52
1774238400000,159.457,159.462,159.346,159.397,3740.58
1774242000000,159.397,159.583,159.352,159.567,3607.48
1774245600000,159.568,159.655,159.47,159.472,8224.02
1774249200000,159.473,159.626,159.381,159.588,10389.5
1774252800000,159.588,159.652,159.308,159.435,11285.05
1774256400000,159.44,159.602,159.405,159.542,9203.89
1774260000000,159.543,159.631,159.482,159.621,7806.15
1774263600000,159.622,159.629,158.241,158.927,47771.62
1774267200000,158.927,159.039,158.492,158.51,31744.5
1774270800000,158.508,158.721,158.425,158.455,23613.35
1774274400000,158.456,158.503,158.198,158.43,22867.29
1774278000000,158.431,158.767,158.216,158.701,20986.19
1774281600000,158.699,158.844,158.592,158.686,16843.39
1774285200000,158.686,158.731,158.404,158.445,11797.89
1774288800000,158.444,158.521,158.019,158.073,11780.37
1774292400000,158.075,158.421,158.064,158.418,6207.93
1774296000000,158.416,158.472,158.388,158.431,2861.27
1774299600000,158.43,158.431,158.254,158.386,2236.38
1774303200000,158.379,158.399,158.29,158.329,1627.98
1774306800000,158.328,158.508,158.273,158.481,4527.37
1774310400000,158.482,158.707,158.434,158.571,12031.44
1774314000000,158.476,158.641,158.446,158.583,9474.43
1774317600000,158.584,158.674,158.499,158.662,7057.75
1774321200000,158.664,158.742,158.608,158.731,3365.54
1774324800000,158.729,158.793,158.709,158.754,2832.42
1774328400000,158.756,158.782,158.57,158.625,4907.07
1774332000000,158.626,158.714,158.561,158.6,5904.56
1774335600000,158.601,158.637,158.403,158.491,11096.68
1774339200000,158.494,158.667,158.429,158.653,11837.4
1774342800000,158.653,158.773,158.613,158.63,8159.89
1774346400000,158.631,158.797,158.619,158.689,5830.65
1774350000000,158.694,158.793,158.616,158.767,7652.56
1774353600000,158.767,158.857,158.69,158.81,10521.04
1774357200000,158.818,158.954,158.767,158.804,13822.77
1774360800000,158.805,158.809,158.556,158.731,15600.44
1774364400000,158.729,158.899,158.628,158.899,12851.71
1774368000000,158.9,158.948,158.798,158.917,7977.7
1774371600000,158.917,159.187,158.916,159.071,14226.11
1774375200000,159.077,159.167,158.851,158.971,10466.99
1774378800000,158.972,158.996,158.848,158.986,9384.99
1774382400000,158.991,159.033,158.367,158.687,12625.68
1774386000000,158.681,158.694,158.561,158.644,432.42
1774389600000,158.643,158.762,158.602,158.681,4991.3
1774393200000,158.681,158.757,158.631,158.705,4721.92
1774396800000,158.703,158.835,158.573,158.645,10098.29
1774400400000,158.648,158.754,158.611,158.715,7312.63
1774404000000,158.714,158.833,158.682,158.803,3461.08
1774407600000,158.78,158.826,158.757,158.802,2435.49
1774411200000,158.803,158.94,158.788,158.879,2344.0
1774414800000,158.884,159.019,158.884,158.991,3714.35
1774418400000,158.992,159.044,158.952,159.003,4955.91
1774422000000,159.004,159.147,158.944,159.135,5373.45
1774425600000,159.133,159.199,158.724,158.772,11927.77
1774429200000,158.772,158.961,158.725,158.888,7389.7
1774432800000,158.888,158.972,158.848,158.89,4928.78
1774436400000,158.89,158.95,158.819,158.848,6402.01
1774440000000,158.85,159.085,158.762,159.023,12516.03
1774443600000,159.022,159.161,158.937,159.148,9927.44
1774447200000,159.148,159.202,158.996,159.05,11675.67
1774450800000,159.049,159.246,159.024,159.204,9856.63
1774454400000,159.205,159.298,159.124,159.246,10255.78
1774458000000,159.246,159.289,159.153,159.255,7230.82
1774461600000,159.253,159.449,159.239,159.415,4980.61
1774465200000,159.415,159.499,159.415,159.458,3909.73
1774468800000,159.458,159.493,159.444,159.461,2363.32
1774472400000,159.465,159.467,159.353,159.368,947.86
1774476000000,159.377,159.464,159.362,159.406,2684.71
1774479600000,159.406,159.429,159.369,159.387,1952.6
1774483200000,159.39,159.501,159.33,159.47,5611.64
1774486800000,159.473,159.511,159.384,159.476,5930.94
1774490400000,159.475,159.537,159.435,159.52,2404.45
1774494000000,159.524,159.528,159.408,159.45,3313.86
1774497600000,159.449,159.465,159.369,159.432,2926.42
1774501200000,159.429,159.49,159.373,159.487,3638.94
1774504800000,159.49,159.505,159.281,159.31,4370.76
1774508400000,159.31,159.5,159.299,159.497,4973.92
1774512000000,159.495,159.541,159.438,159.466,6149.22
1774515600000,159.463,159.534,159.436,159.49,4877.13
1774519200000,159.488,159.548,159.422,159.488,4620.61
1774522800000,159.488,159.669,159.47,159.655,4095.39
1774526400000,159.654,159.695,159.553,159.633,5744.44
1774530000000,159.633,159.656,159.468,159.523,11235.25
1774533600000,159.523,159.602,159.431,159.549,14977.02
1774537200000,159.553,159.694,159.532,159.653,10763.27
1774540800000,159.655,159.696,159.614,159.661,7414.15
1774544400000,159.66,159.765,159.632,159.759,5477.11
1774548000000,159.761,159.801,159.714,159.738,5730.9
1774551600000,159.739,159.83,159.73,159.824,4632.45
1774555200000,159.825,159.845,159.344,159.798,11103.8
1774558800000,159.795,159.795,159.588,159.659,943.18
1774562400000,159.609,159.741,159.6,159.648,1529.62
1774566000000,159.651,159.727,159.634,159.722,3212.25
1774569600000,159.723,159.764,159.487,159.561,6890.96
1774573200000,159.56,159.594,159.453,159.48,4351.53
1774576800000,159.578,159.583,159.453,159.526,2807.26
1774580400000,159.527,159.622,159.501,159.614,1977.81
1774584000000,159.615,159.641,159.552,159.62,1895.07
1774587600000,159.619,159.648,159.571,159.625,2261.39
1774591200000,159.625,159.769,159.574,159.749,3176.44
1774594800000,159.749,159.976,159.734,159.942,8248.26
1774598400000,159.946,159.952,159.75,159.836,6660.5
1774602000000,159.834,159.941,159.763,159.867,5428.14
1774605600000,159.867,159.945,159.777,159.918,3841.86
1774609200000,159.918,159.936,159.809,159.854,4214.36
1774612800000,159.857,159.929,159.795,159.874,6135.49
1774616400000,159.875,159.952,159.834,159.888,8237.98
1774620000000,159.887,159.919,159.796,159.895,8888.35
1774623600000,159.895,160.17,159.699,160.165,13432.89
1774627200000,160.162,160.294,160.067,160.143,12337.61
1774630800000,160.146,160.414,160.074,160.338,8099.36
1774634400000,160.34,160.394,160.244,160.248,5976.09
1774638000000,160.247,160.291,160.142,160.145,4127.93
1774641600000,160.145,160.327,160.104,160.221,3578.01
1774818000000,160.155,160.372,160.084,160.155,863.39
1774821600000,160.172,160.46,160.16,160.404,2989.06
1774825200000,160.403,160.442,160.226,160.234,3666.6
1774828800000,160.232,160.25,159.879,159.88,9848.26
1774832400000,159.885,159.997,159.839,159.928,4059.5
1774836000000,159.87,159.987,159.755,159.843,5106.73
1774839600000,159.783,159.844,159.736,159.788,3146.99
1774843200000,159.787,159.796,159.656,159.791,3478.82
1774846800000,159.795,159.809,159.671,159.728,4960.72
1774850400000,159.728,159.836,159.609,159.814,6093.61
1774854000000,159.804,159.857,159.57,159.776,7012.05
1774857600000,159.774,159.808,159.582,159.686,8611.47
1774861200000,159.685,159.726,159.574,159.597,6868.18
1774864800000,159.597,159.644,159.484,159.607,4152.56
1774868400000,159.605,159.607,159.411,159.514,7566.15
1774872000000,159.514,159.561,159.337,159.369,6257.63
1774875600000,159.369,159.545,159.326,159.526,7178.45
1774879200000,159.524,159.618,159.494,159.533,12330.22
1774882800000,159.534,159.637,159.383,159.482,6797.26
1774886400000,159.485,159.508,159.41,159.442,4366.49
1774890000000,159.443,159.586,159.415,159.567,5489.67
1774893600000,159.566,159.638,159.452,159.624,3603.49
1774897200000,159.623,159.713,159.61,159.691,2635.78
1774900800000,159.694,159.739,159.636,159.698,2470.68
1774904400000,159.688,159.744,159.639,159.725,1221.39
1774908000000,159.725,159.806,159.713,159.8,2616.85
1774911600000,159.802,159.866,159.798,159.844,2532.35
1774915200000,159.844,159.938,159.695,159.88,11612.83
1774918800000,159.88,159.97,159.664,159.749,8375.4
1774922400000,159.748,159.78,159.591,159.602,4333.77
1774926000000,159.602,159.742,159.597,159.723,3574.65
1774929600000,159.722,159.728,159.601,159.621,1922.28
1774933200000,159.62,159.634,159.48,159.612,3435.88
1774936800000,159.611,159.74,159.494,159.725,5480.96
1774940400000,159.725,159.786,159.624,159.644,5486.2
1774944000000,159.645,159.678,159.52,159.575,4508.5
1774947600000,159.574,159.674,159.509,159.647,4033.64
1774951200000,159.646,159.769,159.637,159.732,2908.81
1774954800000,159.733,159.762,159.361,159.415,11039.12
1774958400000,159.415,159.565,159.345,159.365,10616.05
1774962000000,159.362,159.441,159.072,159.08,10017.13
1774965600000,159.079,159.317,159.05,159.098,15084.13
1774969200000,159.101,159.119,158.898,159.076,15664.92
1774972800000,159.076,159.203,158.822,158.951,14695.62
1774976400000,158.951,158.96,158.746,158.945,13592.7
1774980000000,158.946,158.965,158.789,158.843,6441.24
1774983600000,158.877,158.999,158.682,158.71,6181.96
1774987200000,158.708,158.763,158.658,158.712,4496.04
1774990800000,158.706,158.807,158.661,158.684,3537.32
1774994400000,158.686,158.819,158.683,158.724,2960.94
1774998000000,158.724,158.776,158.56,158.586,3713.36
1775001600000,158.585,158.842,158.451,158.785,6751.75
1775005200000,158.785,159.01,158.732,158.757,8052.94
1775008800000,158.754,158.786,158.659,158.723,4408.57
1775012400000,158.725,158.86,158.585,158.859,3537.54
1775016000000,158.858,158.935,158.78,158.782,3171.78
1775019600000,158.783,158.92,158.615,158.676,4547.65
1775023200000,158.673,158.685,158.287,158.307,11036.62
1775026800000,158.306,158.792,158.271,158.776,12956.48
1775030400000,158.782,158.871,158.422,158.58,10884.06
1775034000000,158.578,158.771,158.486,158.71,8388.68
1775037600000,158.712,158.73,158.514,158.518,6032.75
1775041200000,158.516,158.548,158.344,158.345,5132.37
1775044800000,158.345,158.57,158.303,158.529,12115.36
1775048400000,158.528,158.672,158.457,158.628,13084.73
1775052000000,158.644,158.751,158.464,158.485,14433.95
1775055600000,158.482,158.695,158.407,158.63,8589.72
1775059200000,158.63,158.728,158.543,158.552,6012.85
1775062800000,158.553,158.72,158.447,158.71,6775.61
1775066400000,158.709,158.86,158.691,158.85,6609.85
1775070000000,158.85,158.943,158.841,158.894,5043.7
1775073600000,158.896,158.903,158.75,158.797,2485.57
1775077200000,158.797,158.809,158.597,158.669,1815.28
1775080800000,158.706,158.732,158.579,158.607,2309.94
1775084400000,158.608,158.714,158.542,158.712,2835.51
1775088000000,158.712,158.763,158.581,158.669,6337.22
1775091600000,158.668,159.286,158.605,159.283,18734.37
1775095200000,159.284,159.477,159.176,159.42,7277.33
1775098800000,159.426,159.443,159.31,159.367,3902.28
1775102400000,159.367,159.433,159.332,159.342,3645.26
1775106000000,159.342,159.444,159.335,159.44,3836.79
1775109600000,159.438,159.465,159.304,159.385,8121.64
1775113200000,159.384,159.713,159.369,159.575,12014.06
1775116800000,159.575,159.703,159.548,159.677,5454.71
1775120400000,159.678,159.724,159.566,159.566,5188.09
1775124000000,159.566,159.7,159.543,159.681,6352.82
1775127600000,159.682,159.743,159.672,159.703,5184.53
1775131200000,159.701,159.709,159.56,159.629,9087.56
1775134800000,159.627,159.689,159.453,159.467,8780.66
1775138400000,159.468,159.503,159.24,159.362,15794.04
1775142000000,159.362,159.388,159.23,159.34,10757.25
1775145600000,159.341,159.511,159.308,159.509,6199.57
1775149200000,159.51,159.613,159.492,159.592,3965.31
1775152800000,159.592,159.727,159.58,159.632,3700.92
1775156400000,159.626,159.677,159.539,159.66,5761.57
1775160000000,159.66,159.675,159.553,159.559,2406.89
1775163600000,159.501,159.548,159.495,159.539,485.02
1775167200000,159.53,159.601,159.511,159.525,1857.58
1775170800000,159.526,159.53,159.485,159.491,1099.75
1775174400000,159.493,159.627,159.428,159.595,4083.41
1775178000000,159.594,159.646,159.547,159.644,3169.95
1775181600000,159.644,159.711,159.613,159.67,3937.45
1775185200000,159.669,159.692,159.571,159.579,1857.57
1775188800000,159.579,159.629,159.536,159.621,1892.61
1775192400000,159.621,159.657,159.599,159.651,4287.15
1775196000000,159.65,159.691,159.584,159.632,1992.33
1775199600000,159.632,159.632,159.542,159.582,1474.36
1775203200000,159.592,159.635,159.569,159.606,3218.09
1775206800000,159.606,159.616,159.577,159.593,1861.74
1775210400000,159.592,159.609,159.562,159.592,2825.07
1775214000000,159.593,159.593,159.538,159.556,5376.83
1775217600000,159.557,159.823,159.53,159.616,8019.24
1775221200000,159.618,159.629,159.485,159.513,3118.18
1775224800000,159.515,159.597,159.49,159.594,1167.36
1775228400000,159.594,159.643,159.562,159.639,2539.06
1775232000000,159.638,159.646,159.626,159.632,1018.1
1775235600000,159.632,159.645,159.628,159.632,293.34
1775239200000,159.633,159.665,159.625,159.648,735.63
1775242800000,159.65,159.658,159.632,159.64,741.72
1775246400000,159.639,159.682,159.437,159.555,2062.15
1775422800000,159.594,159.728,159.443,159.654,276.41
1775426400000,159.791,159.8,159.427,159.67,6092.61
1775430000000,159.67,159.828,159.601,159.779,4154.24
1775433600000,159.78,159.802,159.656,159.747,3850.49
1775437200000,159.744,159.744,159.616,159.69,4095.2
1775440800000,159.688,159.69,159.525,159.555,3836.23
1775444400000,159.557,159.636,159.535,159.623,2591.59
1775448000000,159.62,159.63,159.543,159.569,1948.52
1775451600000,159.568,159.58,159.549,159.57,1728.73
1775455200000,159.57,159.653,159.541,159.606,3643.49
1775458800000,159.632,159.708,159.343,159.385,6298.85
1775462400000,159.385,159.437,159.304,159.384,5201.54
1775466000000,159.385,159.468,159.347,159.431,4156.1
1775469600000,159.43,159.558,159.413,159.459,3197.41
1775473200000,159.457,159.586,159.453,159.554,3682.17
1775476800000,159.56,159.569,159.365,159.405,5324.89
1775480400000,159.404,159.504,159.394,159.476,5609.28
1775484000000,159.476,159.721,159.396,159.708,9346.17
1775487600000,159.708,159.802,159.703,159.706,7656.41
1775491200000,159.709,159.711,159.619,159.675,4988.04
1775494800000,159.676,159.795,159.675,159.771,5592.4
1775498400000,159.771,159.79,159.591,159.683,5439.25
1775502000000,159.682,159.732,159.651,159.692,2511.21
1775505600000,159.692,159.71,159.664,159.668,1645.09
1775509200000,159.664,159.726,159.594,159.649,949.59
1775512800000,159.644,159.67,159.568,159.667,2242.49
1775516400000,159.666,159.709,159.653,159.693,876.21
1775520000000,159.694,159.84,159.675,159.829,3926.93
1775523600000,159.828,159.921,159.787,159.883,4295.11
1775527200000,159.883,159.929,159.847,159.871,2197.2
1775530800000,159.87,159.883,159.82,159.831,1396.86
1775534400000,159.83,159.83,159.729,159.735,1987.56
1775538000000,159.734,159.816,159.723,159.769,2433.51
1775541600000,159.766,159.813,159.734,159.782,3138.23
1775545200000,159.78,159.878,159.775,159.861,3604.4
1775548800000,159.862,159.865,159.477,159.487,9596.84
1775552400000,159.487,159.635,159.467,159.635,4738.82
1775556000000,159.637,159.791,159.614,159.783,8273.97
1775559600000,159.781,159.861,159.767,159.83,5159.76
1775563200000,159.827,159.875,159.71,159.779,6440.23
1775566800000,159.778,159.891,159.726,159.887,5889.09
1775570400000,159.886,159.963,159.776,159.954,9512.3
1775574000000,159.954,160.029,159.868,159.897,8850.24
1775577600000,159.895,159.908,159.795,159.905,6521.12
1775581200000,159.907,159.956,159.703,159.781,6749.98
1775584800000,159.782,159.866,159.697,159.841,5083.2
1775588400000,159.842,159.867,159.542,159.582,11937.03
1775592000000,159.583,159.687,159.505,159.581,5346.26
1775595600000,159.579,159.627,159.487,159.528,2494.99
1775599200000,159.528,159.737,158.843,158.914,13139.3
1775602800000,158.915,158.962,158.598,158.715,17334.78
1775606400000,158.717,158.791,158.544,158.688,17310.94
1775610000000,158.689,158.712,158.342,158.407,8866.96
1775613600000,158.408,158.577,158.294,158.434,6884.76
1775617200000,158.432,158.462,158.35,158.445,5203.68
1775620800000,158.445,158.46,158.344,158.353,4349.58
1775624400000,158.352,158.43,158.149,158.276,7262.92
1775628000000,158.284,158.375,158.048,158.201,9996.88
1775631600000,158.197,158.365,158.11,158.215,10057.89
1775635200000,158.216,158.488,158.123,158.371,7933.05
1775638800000,158.372,158.495,158.275,158.489,6469.52
1775642400000,158.491,158.534,158.383,158.432,4533.08
1775646000000,158.434,158.485,158.218,158.253,7418.81
1775649600000,158.252,158.324,157.947,158.013,12663.26
1775653200000,158.013,158.325,157.884,158.273,14362.58
1775656800000,158.274,158.419,158.182,158.279,13243.37
1775660400000,158.281,158.465,158.254,158.385,9865.14
1775664000000,158.39,158.497,158.354,158.42,6545.85
1775667600000,158.419,158.521,158.387,158.455,5867.81
1775671200000,158.453,158.744,158.379,158.716,8378.82
1775674800000,158.736,158.795,158.502,158.536,6442.82
1775678400000,158.534,158.629,158.517,158.562,3053.9
1775682000000,158.508,158.649,158.405,158.5,2030.29
1775685600000,158.501,158.582,158.498,158.562,1594.15
1775689200000,158.563,158.678,158.557,158.651,1529.86
1775692800000,158.651,158.872,158.618,158.856,5288.63
1775696400000,158.835,158.952,158.789,158.826,4153.11
1775700000000,158.825,158.857,158.704,158.716,2648.45
1775703600000,158.72,158.805,158.69,158.753,2367.02
1775707200000,158.754,158.754,158.644,158.734,2421.3
1775710800000,158.736,158.863,158.713,158.844,2728.41
1775714400000,158.844,158.928,158.77,158.783,5452.18
1775718000000,158.781,158.976,158.764,158.969,5965.29
1775721600000,158.969,159.107,158.911,159.001,4964.89
1775725200000,159.003,159.056,158.937,158.986,4288.92
1775728800000,158.986,159.082,158.955,159.08,2991.1
1775732400000,159.082,159.087,158.836,158.891,4620.21
1775736000000,158.892,159.114,158.855,158.998,8546.02
1775739600000,158.996,159.097,158.888,159.083,8657.9
1775743200000,159.083,159.241,158.991,159.186,10284.28
1775746800000,159.188,159.296,158.863,158.87,14325.83
1775750400000,158.869,158.898,158.63,158.761,8637.41
1775754000000,158.761,158.792,158.676,158.765,5461.26
1775757600000,158.764,159.025,158.764,159.009,6215.11
1775761200000,159.01,159.096,158.971,159.091,7001.44
1775764800000,159.089,159.129,158.958,158.959,1948.12
1775768400000,158.909,158.974,158.909,158.969,596.4
1775772000000,158.969,159.099,158.957,159.081,1865.74
1775775600000,159.08,159.123,159.042,159.092,2563.33
1775779200000,159.093,159.241,159.092,159.184,5776.67
1775782800000,159.185,159.229,159.023,159.031,3454.85
1775786400000,159.028,159.189,159.023,159.158,3438.88
1775790000000,159.16,159.174,159.116,159.14,1854.64
1775793600000,159.139,159.212,159.125,159.185,1972.32
1775797200000,159.186,159.272,159.182,159.256,2354.43
1775800800000,159.254,159.373,159.203,159.276,4403.3
1775804400000,159.278,159.341,159.191,159.34,4164.08
1775808000000,159.34,159.351,159.244,159.317,3388.66
1775811600000,159.316,159.33,159.187,159.244,6157.4
1775815200000,159.244,159.291,159.182,159.198,3534.73
1775818800000,159.2,159.24,159.161,159.177,2609.68
1775822400000,159.175,159.188,158.899,159.154,8214.35
1775826000000,159.154,159.203,159.069,159.167,9102.06
1775829600000,159.17,159.242,159.093,159.124,11023.03
1775833200000,159.128,159.233,159.034,159.225,7195.68
1775836800000,159.227,159.349,159.216,159.267,5129.82
1775840400000,159.267,159.306,159.243,159.294,3099.41
1775844000000,159.296,159.342,159.241,159.281,5634.59
1775847600000,159.279,159.31,159.266,159.302,3135.69
1775851200000,159.301,159.318,159.245,159.245,1914.36
1776027600000,159.654,159.658,159.499,159.58,625.87
1776031200000,159.578,159.838,159.567,159.798,7751.85
1776034800000,159.8,159.85,159.65,159.678,3587.19
1776038400000,159.679,159.845,159.667,159.704,7009.24
1776042000000,159.703,159.782,159.652,159.686,3781.33
1776045600000,159.685,159.755,159.663,159.711,2153.23
1776049200000,159.712,159.749,159.678,159.682,1807.28
1776052800000,159.679,159.774,159.669,159.724,1843.34
1776056400000,159.723,159.75,159.671,159.677,2177.77
1776060000000,159.679,159.731,159.559,159.676,4417.5
1776063600000,159.675,159.721,159.602,159.604,5028.53
1776067200000,159.607,159.72,159.566,159.707,3657.01
1776070800000,159.708,159.741,159.671,159.733,3070.8
1776074400000,159.733,159.738,159.668,159.687,2642.57
1776078000000,159.688,159.849,159.645,159.844,4453.31
1776081600000,159.845,159.86,159.685,159.742,6192.03
1776085200000,159.742,159.802,159.543,159.543,8554.77
1776088800000,159.545,159.657,159.507,159.569,9548.34
1776092400000,159.57,159.754,159.57,159.743,7190.96
1776096000000,159.743,159.784,159.456,159.524,12448.41
1776099600000,159.523,159.534,159.359,159.409,7238.36
1776103200000,159.408,159.41,159.295,159.327,8716.98
1776106800000,159.327,159.392,159.29,159.382,5284.86
1776110400000,159.383,159.455,159.369,159.438,2112.74
1776114000000,159.438,159.443,159.307,159.34,761.45
1776117600000,159.34,159.416,159.323,159.365,1325.88
1776121200000,159.366,159.376,159.205,159.218,3953.7
1776124800000,159.22,159.335,159.138,159.164,5397.07
1776128400000,159.164,159.228,159.082,159.209,5266.25
1776132000000,159.208,159.263,159.124,159.141,2227.68
1776135600000,159.141,159.165,159.076,159.091,2342.26
1776139200000,159.098,159.117,159.011,159.027,2563.5
1776142800000,159.028,159.155,158.959,159.13,2936.0
1776146400000,159.131,159.282,159.116,159.158,4067.7
1776150000000,159.157,159.167,158.949,159.067,7683.96
1776153600000,159.072,159.168,159.025,159.064,4632.08
1776157200000,159.064,159.092,158.85,158.974,5741.11
1776160800000,158.977,158.977,158.802,158.824,5075.66
1776164400000,158.824,158.833,158.707,158.772,5459.17
1776168000000,158.773,158.875,158.694,158.713,9406.72
1776171600000,158.713,158.898,158.675,158.858,8973.15
1776175200000,158.857,158.861,158.601,158.745,9760.38
1776178800000,158.745,158.919,158.745,158.912,8825.57
1776182400000,158.913,158.934,158.815,158.836,4755.19
1776186000000,158.836,158.89,158.7,158.733,5158.54
1776189600000,158.731,158.834,158.683,158.811,3955.31
1776193200000,158.813,158.908,158.799,158.863,2357.88
1776196800000,158.861,158.891,158.745,158.745,1151.29
1776200400000,158.741,158.824,158.735,158.805,3522.06
1776204000000,158.805,158.836,158.769,158.834,1412.38
1776207600000,158.834,158.88,158.769,158.801,2478.81
1776211200000,158.802,158.884,158.738,158.814,5752.97
1776214800000,158.814,158.978,158.814,158.909,4837.08
1776218400000,158.925,159.062,158.884,159.038,3458.74
1776222000000,159.037,159.048,158.957,158.985,2589.29
1776225600000,158.986,159.01,158.952,158.984,1763.8
1776229200000,158.985,158.996,158.909,158.961,3184.54
1776232800000,158.962,159.025,158.862,159.01,5119.39
1776236400000,159.023,159.026,158.884,158.927,5235.05
1776240000000,158.929,158.936,158.644,158.774,6715.55
1776243600000,158.773,158.934,158.716,158.895,7749.74
1776247200000,158.896,159.051,158.825,158.974,7585.42
1776250800000,158.975,159.095,158.927,159.025,5409.99
1776254400000,159.027,159.15,159.026,159.105,6292.04
1776258000000,159.105,159.121,158.98,159.024,9151.59
1776261600000,159.022,159.063,158.922,158.986,8106.02
1776265200000,158.989,159.027,158.863,159.023,8844.76
1776268800000,159.023,159.035,158.75,158.879,7948.91
1776272400000,158.88,159.11,158.876,159.102,5347.05
1776276000000,159.101,159.121,159.0,159.02,5694.94
1776279600000,159.021,159.055,158.951,158.975,3315.36
1776283200000,158.974,159.001,158.951,158.966,2015.38
1776286800000,158.964,158.992,158.88,158.936,1918.34
1776290400000,158.936,158.936,158.836,158.867,1184.67
1776294000000,158.867,158.882,158.794,158.815,1953.18
1776297600000,158.815,158.851,158.715,158.73,4654.75
1776301200000,158.729,158.823,158.677,158.75,4297.28
1776304800000,158.721,158.813,158.506,158.513,4746.8
1776308400000,158.512,158.673,158.262,158.668,8744.06
1776312000000,158.673,158.739,158.655,158.712,3334.25
1776315600000,158.712,158.854,158.699,158.848,3630.59
1776319200000,158.847,158.951,158.754,158.791,5334.18
1776322800000,158.791,158.886,158.724,158.865,6454.8
1776326400000,158.864,159.057,158.85,158.985,6562.87
1776330000000,158.985,159.067,158.96,159.035,4098.1
1776333600000,159.036,159.127,159.011,159.02,3638.92
1776337200000,159.02,159.02,158.878,158.959,5197.41
1776340800000,158.957,159.113,158.93,159.112,8505.31
1776344400000,159.112,159.305,158.988,159.218,8068.98
1776348000000,159.217,159.273,159.087,159.259,10544.88
1776351600000,159.26,159.283,159.074,159.074,8760.19
1776355200000,159.073,159.263,159.024,159.177,7621.87
1776358800000,159.176,159.29,159.17,159.256,5141.62
1776362400000,159.256,159.257,159.159,159.214,5092.73
1776366000000,159.215,159.215,159.095,159.171,3523.02
1776369600000,159.173,159.197,159.136,159.143,1606.44
1776373200000,159.108,159.185,159.058,159.135,616.16
1776376800000,159.135,159.14,159.022,159.108,995.52
1776380400000,159.113,159.226,159.085,159.202,1543.23
1776384000000,159.209,159.359,159.178,159.331,4145.18
1776387600000,159.334,159.426,159.302,159.359,3485.05
1776391200000,159.362,159.442,159.357,159.375,2058.42
1776394800000,159.375,159.462,159.364,159.388,2144.4
1776398400000,159.385,159.482,159.374,159.468,2128.88
1776402000000,159.468,159.528,159.454,159.48,2442.37
1776405600000,159.478,159.517,159.372,159.403,4468.63
1776409200000,159.402,159.402,159.276,159.277,5144.17
1776412800000,159.277,159.3,159.139,159.14,5520.53
1776416400000,159.139,159.187,159.005,159.04,4703.84
1776420000000,159.04,159.176,159.028,159.164,3383.63
1776423600000,159.165,159.224,159.139,159.174,3273.78
1776427200000,159.174,159.179,158.407,158.413,15229.3
1776430800000,158.413,158.513,158.068,158.189,26950.49
1776434400000,158.186,158.229,157.59,157.85,18422.36
1776438000000,157.852,158.176,157.794,158.099,15639.69
1776441600000,158.1,158.198,157.959,158.04,7533.95
1776445200000,158.039,158.276,158.039,158.162,7994.83
1776448800000,158.163,158.464,158.138,158.437,6357.99
1776452400000,158.436,158.584,158.366,158.56,5821.92
1776456000000,158.559,158.637,158.533,158.584,2622.98
1776632400000,158.765,158.9,158.754,158.893,429.6
1776636000000,158.9,159.048,158.884,159.006,3759.31
1776639600000,159.008,159.199,158.933,159.152,5014.47
1776643200000,159.153,159.201,158.89,159.003,6795.2
1776646800000,159.007,159.016,158.835,158.857,4275.9
1776650400000,158.859,158.914,158.789,158.88,2639.14
1776654000000,158.879,158.932,158.8,158.882,2380.45
1776657600000,158.882,158.945,158.845,158.897,1624.21
1776661200000,158.896,159.009,158.894,158.947,2631.73
1776664800000,158.947,158.996,158.818,158.868,7091.45
1776668400000,158.868,159.051,158.725,158.963,10148.1
1776672000000,158.969,159.073,158.915,158.981,6740.49
1776675600000,158.979,159.027,158.882,158.923,6527.64
1776679200000,158.922,158.972,158.86,158.91,4503.79
1776682800000,158.909,158.956,158.756,158.836,6459.99
1776686400000,158.838,158.972,158.809,158.876,7458.66
1776690000000,158.876,158.936,158.564,158.63,12034.61
1776693600000,158.63,158.892,158.628,158.718,12157.59
1776697200000,158.718,158.786,158.548,158.668,10194.73
1776700800000,158.668,158.707,158.615,158.652,5084.41
1776704400000,158.65,158.768,158.609,158.756,4258.94
1776708000000,158.753,158.921,158.667,158.906,7438.13
1776711600000,158.905,158.919,158.797,158.841,3143.12
1776715200000,158.841,158.903,158.765,158.765,2987.67
1776718800000,158.765,158.779,158.599,158.745,1289.19
1776722400000,158.746,158.813,158.72,158.771,5054.55
1776726000000,158.77,158.86,158.753,158.849,1005.88
1776729600000,158.848,158.994,158.833,158.951,4196.58
1776733200000,158.953,158.974,158.909,158.95,3484.17
1776736800000,158.95,158.993,158.921,158.952,2764.75
1776740400000,158.951,158.99,158.93,158.985,1578.4
1776744000000,158.984,158.991,158.947,158.956,1215.58
1776747600000,158.957,158.958,158.845,158.904,2900.63
1776751200000,158.904,158.914,158.792,158.812,5087.78
1776754800000,158.812,159.019,158.8,159.019,7562.4
1776758400000,159.02,159.213,159.014,159.173,8310.05
1776762000000,159.173,159.254,159.109,159.198,4854.02
1776765600000,159.199,159.23,159.185,159.192,2848.64
1776769200000,159.19,159.248,159.039,159.045,4509.57
1776772800000,159.045,159.243,159.016,159.178,7529.36
1776776400000,159.175,159.195,159.014,159.088,7103.16
1776780000000,159.087,159.383,159.04,159.374,12821.53
1776783600000,159.373,159.44,159.28,159.396,10267.45
1776787200000,159.395,159.503,159.352,159.465,5683.38
1776790800000,159.465,159.614,159.171,159.319,11745.01
1776794400000,159.32,159.491,159.28,159.369,9286.88
1776798000000,159.367,159.637,159.229,159.609,11777.1
1776801600000,159.607,159.637,159.292,159.311,6678.2
1776805200000,159.307,159.43,159.291,159.41,1395.47
1776808800000,159.41,159.419,159.354,159.415,4490.47
1776812400000,159.412,159.457,159.361,159.379,2178.0
1776816000000,159.381,159.381,159.171,159.29,7282.02
1776819600000,159.29,159.33,159.225,159.254,3341.85
1776823200000,159.252,159.371,159.248,159.353,2384.23
1776826800000,159.353,159.4,159.331,159.394,2318.76
1776830400000,159.393,159.393,159.297,159.344,1318.5
1776834000000,159.342,159.346,159.101,159.23,5227.13
1776837600000,159.229,159.255,159.13,159.131,4444.54
1776841200000,159.132,159.297,159.111,159.22,5561.86
1776844800000,159.22,159.367,159.2,159.358,7009.45
1776848400000,159.356,159.369,159.314,159.342,4540.5
1776852000000,159.341,159.369,159.213,159.227,4657.05
1776855600000,159.226,159.28,159.192,159.247,6136.06
1776859200000,159.248,159.361,159.152,159.359,7204.23
1776862800000,159.359,159.367,159.115,159.174,12463.81
1776866400000,159.171,159.394,159.141,159.394,10320.28
1776870000000,159.392,159.512,159.366,159.494,8403.25
1776873600000,159.495,159.53,159.444,159.505,5141.29
1776877200000,159.506,159.521,159.426,159.441,4938.54
1776880800000,159.443,159.491,159.415,159.48,2983.2
1776884400000,159.48,159.551,159.461,159.543,1730.44
1776888000000,159.544,159.571,159.422,159.423,3079.52
1776891600000,159.433,159.475,159.37,159.414,1964.82
1776895200000,159.406,159.486,159.401,159.474,679.17
1776898800000,159.472,159.495,159.436,159.486,1202.62
1776902400000,159.486,159.685,159.296,159.329,12029.93
1776906000000,159.328,159.418,159.297,159.379,5186.2
1776909600000,159.38,159.564,159.362,159.533,4245.85
1776913200000,159.532,159.547,159.472,159.544,3393.14
1776916800000,159.543,159.583,159.516,159.545,2151.88
1776920400000,159.546,159.602,159.515,159.535,2147.36
1776924000000,159.534,159.666,159.523,159.656,4208.58
1776927600000,159.657,159.698,159.595,159.601,5789.02
1776931200000,159.599,159.697,159.587,159.692,5002.89
1776934800000,159.691,159.739,159.655,159.731,6259.18
1776938400000,159.73,159.779,159.662,159.714,6317.63
1776942000000,159.714,159.75,159.497,159.552,8283.76
1776945600000,159.554,159.601,159.435,159.503,13009.01
1776949200000,159.503,159.617,159.466,159.571,10357.32
1776952800000,159.573,159.616,159.378,159.394,10927.39
1776956400000,159.395,159.487,159.312,159.44,9310.59
1776960000000,159.44,159.486,159.425,159.456,6030.84
1776963600000,159.453,159.842,159.452,159.557,19188.09
1776967200000,159.557,159.636,159.466,159.598,12738.93
1776970800000,159.63,159.754,159.606,159.696,8464.73
1776974400000,159.699,159.752,159.688,159.712,3012.03
1776978000000,159.712,159.715,159.539,159.64,1075.62
1776981600000,159.64,159.728,159.64,159.702,1038.78
1776985200000,159.702,159.784,159.699,159.753,2850.84
1776988800000,159.754,159.809,159.674,159.791,6740.73
1776992400000,159.79,159.809,159.753,159.756,3235.87
1776996000000,159.758,159.796,159.752,159.768,2750.5
1776999600000,159.768,159.84,159.762,159.791,3913.59
1777003200000,159.792,159.799,159.727,159.777,3111.45
1777006800000,159.778,159.815,159.748,159.769,3120.6
1777010400000,159.767,159.791,159.601,159.685,5007.19
1777014000000,159.687,159.717,159.627,159.67,3964.03
1777017600000,159.673,159.755,159.662,159.72,6823.98
1777021200000,159.719,159.759,159.689,159.744,4487.52
1777024800000,159.743,159.769,159.642,159.648,4028.28
1777028400000,159.647,159.673,159.334,159.427,12961.03
1777032000000,159.426,159.621,159.373,159.539,9898.59
1777035600000,159.547,159.65,159.475,159.591,10314.76
1777039200000,159.591,159.644,159.385,159.511,13908.08
1777042800000,159.51,159.586,159.332,159.355,11311.74
1777046400000,159.352,159.418,159.312,159.355,7319.22
1777050000000,159.353,159.427,159.308,159.412,5246.0
1777053600000,159.411,159.467,159.399,159.424,3571.68
1777057200000,159.423,159.447,159.375,159.417,4224.03
1777060800000,159.419,159.426,159.329,159.333,2058.63
1777237200000,159.549,159.56,159.474,159.518,311.4
1777240800000,159.518,159.585,159.505,159.542,1718.07
1777244400000,159.541,159.594,159.507,159.582,2197.8
1777248000000,159.583,159.583,159.447,159.477,3649.13
1777251600000,159.476,159.476,159.253,159.327,7984.8
1777255200000,159.328,159.363,159.268,159.3,2369.8
1777258800000,159.3,159.311,159.19,159.227,2681.91
1777262400000,159.224,159.258,159.148,159.235,2257.36
1777266000000,159.237,159.418,159.233,159.412,2538.62
1777269600000,159.412,159.481,159.26,159.264,4731.52
1777273200000,159.265,159.302,159.184,159.225,5704.47
1777276800000,159.226,159.266,159.11,159.148,6147.47
1777280400000,159.144,159.231,159.094,159.223,4598.7
1777284000000,159.222,159.272,159.131,159.149,3647.91
1777287600000,159.15,159.211,159.103,159.193,3542.52
1777291200000,159.195,159.23,159.104,159.227,8426.61
1777294800000,159.227,159.287,159.143,159.259,13145.46
1777298400000,159.26,159.29,159.106,159.218,8231.09
1777302000000,159.217,159.311,159.212,159.294,6289.12
1777305600000,159.292,159.385,159.277,159.385,4077.52
1777309200000,159.384,159.462,159.345,159.385,3783.07
1777312800000,159.386,159.454,159.385,159.445,3843.53
1777316400000,159.445,159.448,159.368,159.422,2193.09
1777320000000,159.421,159.424,159.385,159.407,1286.87
1777323600000,159.407,159.41,159.333,159.394,312.36
1777327200000,159.394,159.46,159.373,159.403,1120.53
1777330800000,159.403,159.45,159.352,159.365,1358.04
1777334400000,159.365,159.485,159.308,159.465,4148.08
1777338000000,159.466,159.553,159.463,159.553,4875.3
1777341600000,159.562,159.565,159.489,159.517,2327.39
1777345200000,159.516,159.561,158.982,159.073,8314.17
1777348800000,159.074,159.088,158.96,159.08,4225.53
1777352400000,159.08,159.212,159.05,159.2,4013.44
1777356000000,159.202,159.359,159.03,159.351,7828.66
1777359600000,159.354,159.544,159.267,159.536,9213.9
1777363200000,159.534,159.685,159.454,159.474,11106.52
1777366800000,159.473,159.594,159.415,159.572,5194.14
1777370400000,159.571,159.646,159.535,159.631,4355.9
1777374000000,159.631,159.787,159.601,159.755,6705.86
1777377600000,159.755,159.781,159.412,159.46,10486.05
1777381200000,159.462,159.605,159.43,159.511,11628.22
1777384800000,159.512,159.748,159.505,159.718,14396.05
1777388400000,159.718,159.718,159.527,159.54,10024.49
1777392000000,159.539,159.622,159.508,159.559,6101.18
1777395600000,159.557,159.625,159.508,159.542,4623.5
1777399200000,159.541,159.627,159.524,159.622,4500.09
1777402800000,159.62,159.687,159.577,159.656,2995.98
1777406400000,159.656,159.664,159.592,159.607,1428.09
1777410000000,159.599,159.612,159.491,159.55,658.8
1777413600000,159.559,159.6,159.55,159.567,606.6
1777417200000,159.566,159.595,159.537,159.557,1043.1
1777420800000,159.557,159.591,159.516,159.546,3814.36
1777424400000,159.545,159.661,159.524,159.61,6960.49
1777428000000,159.608,159.629,159.57,159.622,3046.95
1777431600000,159.621,159.636,159.587,159.616,1797.15
1777435200000,159.615,159.646,159.614,159.634,1219.68
1777438800000,159.634,159.709,159.632,159.708,2285.61
1777442400000,159.708,159.738,159.604,159.655,5953.0
1777446000000,159.655,159.702,159.617,159.669,6129.18
1777449600000,159.668,159.785,159.636,159.781,5846.92
1777453200000,159.78,159.84,159.75,159.833,4230.63
1777456800000,159.832,159.837,159.748,159.754,2794.27
1777460400000,159.751,159.851,159.738,159.844,4794.6
1777464000000,159.845,159.978,159.815,159.96,6978.16
1777467600000,159.972,160.189,159.95,160.182,12733.33
1777471200000,160.183,160.198,160.011,160.1,10873.74
1777474800000,160.1,160.323,160.092,160.233,10958.8
1777478400000,160.232,160.316,160.167,160.308,7306.9
1777482000000,160.309,160.364,160.201,160.204,6792.12
1777485600000,160.205,160.426,160.167,160.346,18264.05
1777489200000,160.348,160.44,160.284,160.379,10174.67
1777492800000,160.381,160.474,160.355,160.39,3824.82
1777496400000,160.327,160.389,160.242,160.362,860.34
1777500000000,160.341,160.434,160.32,160.326,3094.48
1777503600000,160.326,160.345,160.151,160.199,2972.62
1777507200000,160.198,160.304,160.073,160.295,7925.07
1777510800000,160.3,160.317,160.209,160.225,5912.52
1777514400000,160.228,160.399,160.213,160.343,6235.24
1777518000000,160.34,160.426,160.319,160.424,3878.21
1777521600000,160.424,160.578,160.364,160.537,7067.33
1777525200000,160.536,160.654,160.463,160.653,5612.73
1777528800000,160.655,160.723,160.534,160.61,11961.12
1777532400000,160.614,160.617,159.776,160.133,11113.75
1777536000000,160.133,160.176,159.452,159.587,20733.94
1777539600000,159.582,159.594,159.221,159.34,17442.16
1777543200000,159.339,159.353,156.993,157.156,43803.91
1777546800000,157.158,157.468,155.554,156.374,48362.26
1777550400000,156.375,157.107,156.341,156.821,21872.47
1777554000000,156.822,156.958,156.188,156.924,18085.56
1777557600000,156.923,156.96,156.459,156.675,19065.87
1777561200000,156.674,156.83,156.602,156.662,17041.74
1777564800000,156.662,156.739,156.509,156.579,10077.44
1777568400000,156.578,156.697,156.427,156.482,10813.69
1777572000000,156.48,156.481,156.312,156.412,7219.05
1777575600000,156.411,156.568,156.306,156.565,8478.63
1777579200000,156.566,156.629,156.508,156.58,3574.95
1777582800000,156.58,156.651,156.385,156.57,510.97
1777586400000,156.569,156.745,156.563,156.66,1553.73
1777590000000,156.663,157.021,156.639,156.989,6259.6
1777593600000,156.988,157.305,156.964,157.079,13285.88
1777597200000,157.078,157.254,157.048,157.197,7594.05
1777600800000,157.194,157.326,157.127,157.236,5038.9
1777604400000,157.233,157.29,156.991,157.185,4812.85
1777608000000,157.184,157.278,157.108,157.242,4131.0
1777611600000,157.243,157.298,157.202,157.277,3990.36
1777615200000,157.277,157.294,155.486,155.965,16065.48
1777618800000,155.965,156.721,155.863,156.621,21517.1
1777622400000,156.62,156.655,156.26,156.471,8848.78
1777626000000,156.471,156.759,156.42,156.577,6396.75
1777629600000,156.576,156.625,156.487,156.589,4352.8
1777633200000,156.59,156.622,156.437,156.579,4978.15
1777636800000,156.583,156.641,156.387,156.593,10761.66
1777640400000,156.598,156.754,156.335,156.491,13945.82
1777644000000,156.487,156.725,156.367,156.636,17012.46
1777647600000,156.636,156.896,156.622,156.759,10525.53
1777651200000,156.763,156.942,156.67,156.94,8695.81
1777654800000,156.94,157.025,156.853,156.93,5798.36
1777658400000,156.931,157.118,156.91,157.014,6704.51
1777662000000,157.014,157.09,156.999,157.06,3495.59
1777665600000,157.061,157.085,156.963,157.033,5231.41
1777842000000,156.708,156.776,156.672,156.706,636.05
1777845600000,156.705,156.926,156.682,156.828,1959.65
1777849200000,156.829,156.901,156.793,156.898,2015.09
1777852800000,156.9,156.991,156.865,156.907,5823.69
1777856400000,156.907,157.079,156.597,157.039,8830.2
1777860000000,157.038,157.197,157.024,157.124,4357.78
1777863600000,157.127,157.249,155.698,156.197,17546.04
1777867200000,156.195,156.787,156.131,156.729,8174.98
1777870800000,156.73,156.862,156.529,156.781,8412.02
1777874400000,156.782,156.936,156.732,156.925,8972.52
1777878000000,156.926,156.979,156.816,156.893,6394.5
1777881600000,156.892,156.977,156.887,156.95,5365.86
1777885200000,156.949,157.011,156.893,156.966,4992.06
1777888800000,156.967,157.203,156.96,157.113,13757.76
1777892400000,157.113,157.181,157.065,157.174,7112.43
1777896000000,157.173,157.181,157.021,157.139,9075.59
1777899600000,157.14,157.18,156.966,157.013,11966.01
1777903200000,157.014,157.156,156.925,157.091,10244.92
1777906800000,157.093,157.3,156.944,157.197,14793.45
1777910400000,157.199,157.301,157.136,157.268,10911.19
1777914000000,157.268,157.284,157.165,157.224,6823.07
1777917600000,157.225,157.276,156.547,156.732,7364.9
1777921200000,156.749,157.13,156.749,157.096,7860.84
1777924800000,157.097,157.282,157.096,157.215,2949.88
1777928400000,157.214,157.214,157.116,157.129,264.13
1777932000000,157.129,157.269,157.122,157.227,887.91
1777935600000,157.226,157.236,157.175,157.214,1093.16
1777939200000,157.214,157.255,157.167,157.211,3428.51
1777942800000,157.21,157.269,157.188,157.21,3259.98
1777946400000,157.209,157.23,157.186,157.221,2268.38
1777950000000,157.221,157.267,157.212,157.265,1663.82
1777953600000,157.265,157.298,157.238,157.284,1939.45
1777957200000,157.284,157.3,157.212,157.277,3873.83
1777960800000,157.276,157.299,157.192,157.224,4567.51
1777964400000,157.224,157.235,157.08,157.235,7025.62
1777968000000,157.235,157.283,157.203,157.278,5018.99
1777971600000,157.278,157.868,157.098,157.511,13568.42
1777975200000,157.509,157.668,157.488,157.615,4562.17
1777978800000,157.617,157.792,157.609,157.744,6969.68
1777982400000,157.746,157.837,157.639,157.769,9240.63
1777986000000,157.77,157.796,157.673,157.777,7649.91
1777989600000,157.773,157.826,157.671,157.677,10726.71
1777993200000,157.676,157.728,157.607,157.679,7559.56
1777996800000,157.68,157.802,157.653,157.786,3497.32
1778000400000,157.788,157.885,157.77,157.851,4218.13
1778004000000,157.85,157.916,157.834,157.873,2143.97
1778007600000,157.875,157.915,157.86,157.88,2346.21
1778011200000,157.879,157.899,157.84,157.868,2239.68
1778014800000,157.869,157.893,157.764,157.891,288.83
1778018400000,157.886,157.93,157.584,157.722,3854.97
1778022000000,157.722,157.73,157.539,157.675,5632.77
1778025600000,157.673,157.706,157.551,157.592,9748.26
1778029200000,157.595,157.696,157.577,157.695,6354.46
1778032800000,157.701,157.83,157.652,157.812,5559.18
1778036400000,157.813,157.89,157.723,157.773,4710.79
1778040000000,157.774,157.823,155.029,155.932,33828.57
1778043600000,155.925,156.388,155.752,156.318,13901.06
1778047200000,156.316,156.454,156.302,156.387,10274.37
1778050800000,156.387,156.565,155.726,155.917,11563.23
1778054400000,155.816,156.29,155.756,155.978,16268.33
1778058000000,155.976,156.108,155.917,155.926,12437.87
1778061600000,155.926,156.123,155.613,155.755,13561.15
1778065200000,155.755,156.105,155.7,156.084,16624.53
1778068800000,156.085,156.306,156.085,156.279,12623.07
1778072400000,156.284,156.314,156.054,156.117,13304.82
1778076000000,156.118,156.294,156.047,156.279,12101.74
1778079600000,156.281,156.457,156.269,156.437,10579.08
1778083200000,156.438,156.486,156.364,156.428,6554.74
1778086800000,156.432,156.514,156.354,156.487,5412.26
1778090400000,156.486,156.488,156.356,156.401,4653.35
1778094000000,156.403,156.437,156.35,156.418,4798.93
1778097600000,156.416,156.455,156.292,156.354,4419.75
1778101200000,156.323,156.323,156.225,156.238,535.82
1778104800000,156.238,156.379,156.219,156.336,1554.5
1778108400000,156.336,156.524,156.278,156.52,2329.51
1778112000000,156.522,156.525,156.217,156.321,11223.11
1778115600000,156.319,156.352,156.019,156.216,8752.52
1778119200000,156.219,156.349,156.15,156.336,4963.51
1778122800000,156.336,156.438,156.306,156.415,3902.12
1778126400000,156.417,156.42,156.307,156.356,3526.69
1778130000000,156.355,156.396,156.302,156.373,4198.16
1778133600000,156.37,156.411,156.105,156.287,7489.98
1778137200000,156.288,156.292,156.021,156.262,10306.58
1778140800000,156.262,156.338,156.184,156.325,7476.16
1778144400000,156.326,156.417,156.302,156.375,4923.82
1778148000000,156.375,156.4,156.287,156.397,5250.03
1778151600000,156.394,156.472,156.346,156.403,5267.93
1778155200000,156.402,156.42,156.239,156.284,6540.39
1778158800000,156.284,156.407,156.252,156.339,9418.98
1778162400000,156.343,156.402,156.168,156.253,7717.27
1778166000000,156.253,156.512,156.247,156.484,7795.47
1778169600000,156.481,156.644,156.471,156.633,7408.61
1778173200000,156.633,156.863,156.627,156.667,9799.84
1778176800000,156.67,156.865,156.608,156.743,7070.77
1778180400000,156.742,156.876,156.689,156.874,7540.86
1778184000000,156.87,156.954,156.747,156.87,4939.54
1778187600000,156.87,156.907,156.688,156.821,2185.34
1778191200000,156.813,156.951,156.813,156.886,3355.39
1778194800000,156.886,156.915,156.824,156.848,1501.23
1778198400000,156.857,156.99,156.812,156.969,7075.92
1778202000000,156.969,156.974,156.851,156.902,3968.08
1778205600000,156.903,156.957,156.872,156.89,4457.49
1778209200000,156.866,156.895,156.768,156.837,3003.91
1778212800000,156.836,156.899,156.826,156.844,2983.5
1778216400000,156.845,156.883,156.813,156.832,3058.43
1778220000000,156.833,156.847,156.714,156.832,5870.22
1778223600000,156.83,156.852,156.738,156.832,5246.24
1778227200000,156.833,156.857,156.635,156.704,5602.92
1778230800000,156.702,156.71,156.627,156.679,4270.99
1778234400000,156.677,156.785,156.653,156.77,3265.69
1778238000000,156.771,156.785,156.725,156.749,3403.22
1778241600000,156.751,156.827,156.519,156.642,10487.23
1778245200000,156.639,156.7,156.432,156.515,10615.14
1778248800000,156.516,156.664,156.498,156.626,8600.51
1778252400000,156.627,156.673,156.554,156.645,8115.0
1778256000000,156.646,156.705,156.6,156.696,3326.37
1778259600000,156.698,156.715,156.615,156.688,2570.98
1778263200000,156.69,156.747,156.59,156.692,6912.26
1778266800000,156.692,156.773,156.672,156.728,3438.43
1778270400000,156.729,156.758,156.621,156.621,3544.52
1778446800000,156.501,156.729,156.485,156.727,682.05
1778450400000,156.726,156.958,156.726,156.893,3274.14
1778454000000,156.893,156.897,156.834,156.863,1589.91
1778457600000,156.864,157.059,156.832,156.937,7041.47
1778461200000,156.938,157.096,156.923,157.092,5349.1
1778464800000,157.093,157.15,157.052,157.141,2805.59
1778468400000,157.14,157.172,157.092,157.157,2049.3
1778472000000,157.158,157.16,157.09,157.125,1526.04
1778475600000,157.125,157.144,157.066,157.133,3124.02
1778479200000,157.133,157.146,156.988,156.996,5496.33
1778482800000,156.994,157.133,156.989,157.119,3553.68
1778486400000,157.12,157.145,156.946,157.085,3960.9
1778490000000,157.085,157.144,157.069,157.141,2947.45
1778493600000,157.147,157.16,157.083,157.141,3130.97
1778497200000,157.141,157.145,157.069,157.119,3211.29
1778500800000,157.117,157.139,157.06,157.114,5476.56
1778504400000,157.113,157.126,156.997,157.031,4547.3
1778508000000,157.031,157.095,156.978,156.998,5555.82
1778511600000,157.0,157.071,156.981,157.045,4822.63
1778515200000,157.045,157.16,157.034,157.156,3230.43
1778518800000,157.155,157.211,157.103,157.111,3051.52
1778522400000,157.112,157.208,157.091,157.205,2977.11
1778526000000,157.206,157.265,157.201,157.243,1973.32
1778529600000,157.243,157.272,157.148,157.155,2527.95
1778533200000,157.152,157.171,157.05,157.119,945.37
1778536800000,157.115,157.201,157.115,157.19,707.31
1778540400000,157.19,157.245,157.182,157.238,1361.12
1778544000000,157.238,157.432,157.238,157.418,5559.68
1778547600000,157.424,157.584,157.374,157.537,7294.94
1778551200000,157.536,157.651,157.528,157.588,3765.77
1778554800000,157.589,157.639,157.549,157.612,2196.75
1778558400000,157.613,157.638,157.547,157.585,3404.07
1778562000000,157.584,157.747,156.726,157.306,6891.65
1778565600000,157.315,157.525,157.064,157.468,13932.69
1778569200000,157.509,157.568,157.392,157.505,8522.78
1778572800000,157.504,157.655,157.489,157.616,7188.56
1778576400000,157.62,157.665,157.54,157.562,5253.05
1778580000000,157.563,157.615,157.492,157.56,3354.56
1778583600000,157.558,157.606,157.5,157.572,4655.62
1778587200000,157.573,157.644,157.516,157.551,7481.13
1778590800000,157.551,157.666,157.481,157.648,8529.72
1778594400000,157.646,157.701,157.572,157.624,8003.41
1778598000000,157.624,157.75,157.612,157.709,5771.49
1778601600000,157.709,157.763,157.674,157.749,3245.6
1778605200000,157.748,157.753,157.681,157.693,2555.81
1778608800000,157.694,157.722,157.588,157.592,3149.66
1778612400000,157.593,157.637,157.52,157.637,2215.35
1778616000000,157.633,157.657,157.595,157.607,1662.45
1778619600000,157.606,157.627,157.513,157.555,337.19
1778623200000,157.593,157.62,157.56,157.597,682.61
1778626800000,157.596,157.675,157.562,157.67,1272.07
1778630400000,157.673,157.767,157.632,157.711,4657.51
1778634000000,157.711,157.781,157.562,157.65,6462.96
1778637600000,157.652,157.725,157.599,157.655,2789.01
1778641200000,157.653,157.685,157.627,157.679,2164.83
1778644800000,157.678,157.749,157.671,157.719,1756.88
1778648400000,157.719,157.735,157.683,157.683,2318.4
1778652000000,157.684,157.786,157.683,157.771,2968.81
1778655600000,157.774,157.844,157.674,157.831,3772.63
1778659200000,157.833,157.843,157.749,157.807,3890.64
1778662800000,157.805,157.895,157.781,157.837,2979.58
1778666400000,157.837,157.855,157.78,157.814,3082.13
1778670000000,157.815,157.836,157.743,157.765,2445.57
1778673600000,157.764,157.891,157.752,157.845,5950.14
1778677200000,157.843,157.861,157.757,157.774,5487.76
1778680800000,157.773,157.895,157.757,157.862,6003.66
1778684400000,157.862,157.876,157.774,157.835,4044.72
1778688000000,157.836,157.86,157.745,157.856,4336.18
1778691600000,157.854,157.922,157.832,157.922,2676.67
1778695200000,157.922,157.923,157.855,157.892,2732.65
1778698800000,157.894,157.901,157.837,157.87,2777.44
1778702400000,157.869,157.901,157.846,157.846,2163.31
1778706000000,157.841,157.868,157.65,157.813,1727.56
1778709600000,157.814,157.833,157.79,157.807,1069.89
1778713200000,157.806,157.861,157.778,157.856,1024.04
1778716800000,157.858,157.873,157.809,157.851,3512.21
1778720400000,157.852,157.92,157.847,157.913,3733.6
1778724000000,157.913,157.95,157.884,157.921,2854.66
1778727600000,157.919,157.992,157.919,157.969,2649.3
1778731200000,157.973,157.974,157.514,157.867,5080.63
1778734800000,157.867,157.947,157.864,157.907,4088.96
1778738400000,157.908,157.917,157.806,157.845,5608.35
1778742000000,157.844,157.934,157.818,157.899,5008.59
1778745600000,157.916,157.947,157.852,157.9,4987.23
1778749200000,157.897,157.931,157.885,157.91,2802.5
1778752800000,157.911,157.94,157.875,157.933,4149.73
1778756400000,157.932,157.975,157.911,157.971,3605.56
1778760000000,157.976,157.993,157.904,157.971,6024.22
1778763600000,157.975,158.167,157.307,157.908,16996.01
1778767200000,157.91,158.156,157.841,158.156,14566.21
1778770800000,158.155,158.192,158.078,158.087,9267.76
1778774400000,158.086,158.201,158.079,158.165,6442.63
1778778000000,158.166,158.199,158.133,158.193,3571.7
1778781600000,158.191,158.203,158.168,158.184,3731.46
1778785200000,158.184,158.382,158.17,158.357,7830.35
1778788800000,158.357,158.419,158.342,158.342,2099.06
1778792400000,158.315,158.363,158.261,158.323,872.51
1778796000000,158.332,158.39,158.31,158.372,816.58
1778799600000,158.373,158.438,158.323,158.38,2090.19
1778803200000,158.381,158.512,158.325,158.469,6219.71
1778806800000,158.448,158.562,158.423,158.529,7180.85
1778810400000,158.529,158.587,158.442,158.524,3755.57
1778814000000,158.525,158.532,158.477,158.485,2086.79
1778817600000,158.489,158.523,158.476,158.516,2311.67
1778821200000,158.517,158.645,158.514,158.608,5722.78
1778824800000,158.613,158.673,158.43,158.431,7733.46
1778828400000,158.432,158.482,158.35,158.446,6592.03
1778832000000,158.444,158.575,158.401,158.563,6973.74
1778835600000,158.56,158.603,158.463,158.511,10872.58
1778839200000,158.509,158.531,158.291,158.366,8584.35
1778842800000,158.37,158.584,158.358,158.571,5094.26
1778846400000,158.573,158.581,158.51,158.575,6384.11
1778850000000,158.574,158.741,158.53,158.685,8580.37
1778853600000,158.688,158.739,158.59,158.59,10799.89
1778857200000,158.59,158.743,158.55,158.695,8589.66
1778860800000,158.695,158.732,158.663,158.709,4513.03
1778864400000,158.705,158.726,158.641,158.726,4754.16
1778868000000,158.726,158.75,158.702,158.704,3810.16
1778871600000,158.704,158.783,158.693,158.771,3286.3
1778875200000,158.77,158.842,158.731,158.731,4115.14
1779051600000,158.564,158.719,158.508,158.591,899.21
1779055200000,158.643,158.814,158.629,158.787,2027.55
1779058800000,158.783,158.881,158.762,158.851,1577.78
1779062400000,158.849,158.952,158.803,158.932,4292.46
1779066000000,158.933,158.952,158.866,158.931,4506.53
1779069600000,158.932,158.947,158.889,158.912,2368.23
1779073200000,158.913,159.055,158.904,159.035,4888.93
1779076800000,159.036,159.072,158.814,158.981,5404.61
1779080400000,158.984,158.998,158.902,158.946,3672.24
1779084000000,158.946,158.953,158.835,158.893,5324.22
1779087600000,158.892,158.981,158.806,158.919,6576.15
1779091200000,158.919,158.932,158.788,158.825,5495.67
1779094800000,158.824,158.932,158.824,158.932,3165.93
1779098400000,158.932,158.951,158.897,158.929,2265.34
1779102000000,158.927,158.958,158.681,158.833,6279.14
1779105600000,158.833,158.841,158.611,158.702,9570.12
1779109200000,158.69,158.78,158.648,158.746,12332.78
1779112800000,158.746,158.914,158.733,158.839,12961.24
1779116400000,158.837,158.937,158.799,158.832,10181.84
1779120000000,158.833,158.944,158.773,158.934,6626.66
1779123600000,158.935,158.949,158.886,158.915,5983.56
1779127200000,158.912,159.076,158.912,159.074,5983.51
1779130800000,159.073,159.081,158.808,158.885,11143.06
1779134400000,158.884,158.884,158.741,158.784,3358.28
1779138000000,158.784,158.799,158.726,158.737,499.83
1779141600000,158.739,158.832,158.739,158.827,986.42
1779145200000,158.827,158.868,158.803,158.868,1147.95
1779148800000,158.869,159.019,158.857,159.01,3813.98
1779152400000,159.011,159.028,158.889,158.982,3478.87
1779156000000,158.986,159.005,158.948,158.963,3215.36
1779159600000,158.963,158.99,158.928,158.957,2919.26
1779163200000,158.955,159.005,158.92,158.993,1720.13
1779166800000,158.993,159.032,158.95,159.007,2919.3
1779170400000,159.007,159.111,159.004,159.071,5002.72
1779174000000,159.074,159.141,159.002,159.043,4378.05
1779177600000,159.041,159.144,159.003,159.139,4030.35
1779181200000,159.137,159.172,159.067,159.099,3554.52
1779184800000,159.1,159.177,159.054,159.092,4247.33
1779188400000,159.091,159.141,159.075,159.133,4495.65
1779192000000,159.135,159.14,158.65,159.065,8718.85
1779195600000,159.064,159.191,158.921,159.048,12065.29
1779199200000,159.047,159.251,158.991,159.067,12345.61
1779202800000,159.066,159.172,158.96,159.116,8964.95
1779206400000,159.115,159.175,158.777,158.823,13923.95
1779210000000,158.823,158.886,158.78,158.862,6281.33
1779213600000,158.859,159.088,158.855,159.043,8195.95
1779217200000,159.042,159.078,158.993,159.054,3587.83
1779220800000,159.053,159.102,159.043,159.045,2316.14
1779224400000,159.04,159.065,158.983,159.059,225.45
1779228000000,159.06,159.102,159.052,159.066,1071.38
1779231600000,159.066,159.07,158.991,159.043,1904.49
1779235200000,159.043,159.101,158.954,158.995,8727.74
1779238800000,158.996,159.09,158.973,159.036,5169.37
1779242400000,159.035,159.043,158.838,158.922,5601.94
1779246000000,158.932,158.95,158.855,158.871,4027.06
1779249600000,158.871,159.0,158.817,158.979,3973.23
1779253200000,158.981,158.991,158.915,158.971,3795.43
1779256800000,158.972,159.001,158.871,158.977,6572.33
1779260400000,158.979,159.061,158.927,159.06,5810.01
1779264000000,159.064,159.101,159.017,159.042,4850.77
1779267600000,159.043,159.077,158.992,159.069,2521.9
1779271200000,159.07,159.071,158.958,158.996,2727.68
1779274800000,158.997,159.052,158.969,159.035,4043.67
1779278400000,159.034,159.041,158.985,159.016,3648.42
1779282000000,159.016,159.111,159.006,159.103,7290.95
1779285600000,159.102,159.166,158.787,158.87,22636.54
1779289200000,158.867,158.921,158.586,158.842,17472.85
1779292800000,158.843,158.914,158.751,158.835,9847.03
1779296400000,158.835,158.935,158.816,158.919,7213.16
1779300000000,158.919,158.961,158.794,158.842,6642.81
1779303600000,158.844,158.895,158.778,158.855,3872.34
1779307200000,158.855,158.932,158.846,158.899,2533.0
1779310800000,158.897,158.897,158.813,158.84,446.03
1779314400000,158.846,158.879,158.834,158.851,802.99
1779318000000,158.853,158.922,158.823,158.886,1401.68
1779321600000,158.887,158.925,158.848,158.864,5010.64
1779325200000,158.855,158.899,158.808,158.884,4257.25
1779328800000,158.884,158.977,158.849,158.972,2725.79
1779332400000,158.973,158.984,158.919,158.965,1768.27
1779336000000,158.966,159.002,158.946,158.996,1942.13
1779339600000,158.997,159.05,158.975,159.007,2975.62
1779343200000,159.01,159.073,158.988,159.061,3523.24
1779346800000,159.062,159.085,158.998,159.024,7393.27
1779350400000,159.025,159.031,158.902,158.979,6629.62
1779354000000,158.981,158.99,158.91,158.974,3058.76
1779357600000,158.973,159.136,158.96,159.125,8855.03
1779361200000,159.126,159.167,159.042,159.154,5592.44
1779364800000,159.155,159.185,159.089,159.16,6952.11
1779368400000,159.161,159.35,159.119,159.199,11747.8
1779372000000,159.199,159.279,159.121,159.164,10125.94
1779375600000,159.162,159.255,159.145,159.169,7529.18
1779379200000,159.166,159.196,159.118,159.141,5305.44
1779382800000,159.143,159.173,158.818,158.886,14628.97
1779386400000,158.886,159.102,158.837,159.077,9967.8
1779390000000,159.077,159.093,158.877,158.92,8458.11
1779393600000,158.921,159.009,158.887,158.947,2457.27
1779397200000,158.947,158.976,158.851,158.945,509.23
1779400800000,158.946,159.019,158.945,159.001,974.64
1779404400000,159.0,159.039,158.986,159.025,1181.33
1779408000000,159.026,159.123,159.024,159.091,4450.66
1779411600000,159.097,159.122,159.055,159.099,1862.68
1779415200000,159.099,159.103,159.0,159.033,1362.28
1779418800000,159.031,159.052,159.006,159.038,1278.66
1779422400000,159.035,159.072,159.011,159.066,1637.47
1779426000000,159.068,159.138,159.056,159.129,2144.23
1779429600000,159.13,159.141,159.064,159.106,3668.65
1779433200000,159.104,159.142,159.103,159.129,2266.47
1779436800000,159.13,159.135,159.054,159.09,4375.82
1779440400000,159.09,159.145,159.082,159.101,3449.45
1779444000000,159.1,159.133,159.078,159.123,2487.76
1779447600000,159.123,159.143,159.113,159.138,2868.01
1779451200000,159.136,159.148,159.06,159.077,6059.81
1779454800000,159.076,159.137,158.989,159.088,9784.26
1779458400000,159.084,159.176,159.066,159.101,8171.88
1779462000000,159.1,159.232,159.085,159.199,6267.5
1779465600000,159.199,159.23,159.153,159.174,3517.7
1779469200000,159.171,159.18,159.062,159.129,5503.85
1779472800000,159.129,159.166,159.099,159.132,3236.13
1779476400000,159.133,159.169,159.099,159.165,2456.53
1779480000000,159.168,159.204,159.141,159.155,2389.11
1779656400000,158.786,158.897,158.769,158.869,614.39
1779660000000,158.869,158.961,158.822,158.878,3938.69
1779663600000,158.877,158.961,158.839,158.954,1842.47
1779667200000,158.954,158.961,158.831,158.897,3296.36
1779670800000,158.896,158.899,158.756,158.875,2926.48
1779674400000,158.874,158.877,158.834,158.848,1247.98
1779678000000,158.849,158.89,158.832,158.884,1924.37
1779681600000,158.886,158.912,158.845,158.859,794.98
1779685200000,158.861,158.936,158.843,158.924,2025.01
1779688800000,158.924,158.936,158.89,158.904,3211.49
1779692400000,158.902,159.039,158.9,158.971,4663.21
1779696000000,158.971,158.99,158.898,158.918,3601.9
1779699600000,158.914,158.941,158.896,158.925,2053.68
1779703200000,158.924,158.95,158.918,158.944,1968.21
1779706800000,158.944,158.958,158.89,158.933,2558.66
1779710400000,158.933,158.94,158.878,158.9,3216.95
1779714000000,158.9,158.922,158.885,158.917,3836.16
1779717600000,158.909,158.925,158.888,158.917,3833.62
1779721200000,158.92,158.948,158.88,158.897,3523.61
1779724800000,158.895,158.922,158.89,158.895,1505.14
1779728400000,158.894,158.907,158.886,158.895,872.48
1779732000000,158.895,158.905,158.887,158.903,296.36
1779735600000,158.903,158.918,158.89,158.912,415.15
1779739200000,158.912,158.939,158.887,158.887,822.69
1779742800000,158.887,158.893,158.784,158.874,1186.18
1779746400000,158.89,158.959,158.873,158.924,712.73
1779750000000,158.923,158.964,158.909,158.955,1415.46
1779753600000,158.952,158.991,158.934,158.968,2879.87
1779757200000,158.971,159.003,158.944,158.967,2761.87
1779760800000,158.971,158.984,158.936,158.945,1413.25
1779764400000,158.942,158.942,158.91,158.937,1620.49
1779768000000,158.938,159.013,158.932,159.0,1667.03
1779771600000,159.004,159.032,158.973,159.026,1987.99
1779775200000,159.026,159.118,159.019,159.095,4118.88
1779778800000,159.095,159.2,159.094,159.196,4795.37
1779782400000,159.195,159.238,159.194,159.211,3298.63
1779786000000,159.209,159.224,159.156,159.157,2775.47
1779789600000,159.158,159.177,159.106,159.145,3067.02
1779793200000,159.145,159.212,159.135,159.192,3191.71
1779796800000,159.192,159.228,159.185,159.224,3118.38
1779800400000,159.229,159.299,159.226,159.276,5609.42
1779804000000,159.275,159.324,159.226,159.32,5087.14
1779807600000,159.32,159.378,159.3,159.362,5091.82
1779811200000,159.362,159.362,159.282,159.307,2436.52
1779814800000,159.308,159.379,159.285,159.361,2085.77
1779818400000,159.361,159.373,159.3,159.332,2455.31
1779822000000,159.334,159.344,159.299,159.316,1500.57
1779825600000,159.316,159.331,159.286,159.286,1629.32
1779829200000,159.287,159.296,159.254,159.255,277.95
1779832800000,159.255,159.302,159.253,159.257,1178.09
1779836400000,159.256,159.276,159.201,159.25,971.22
1779840000000,159.251,159.31,159.175,159.279,4253.3
1779843600000,159.278,159.302,159.216,159.298,2802.67
1779847200000,159.297,159.301,159.221,159.221,2909.97
1779850800000,159.224,159.23,159.186,159.203,2036.22
1779854400000,159.204,159.246,159.197,159.242,1183.6
1779858000000,159.242,159.349,159.23,159.347,2739.64
1779861600000,159.348,159.377,159.295,159.353,3213.89
1779865200000,159.351,159.365,159.306,159.358,3351.71
1779868800000,159.358,159.444,159.317,159.392,4321.1
1779872400000,159.392,159.398,159.317,159.355,1956.12
1779876000000,159.353,159.39,159.345,159.383,1976.46
1779879600000,159.385,159.448,159.373,159.431,2885.02
1779883200000,159.43,159.447,159.245,159.416,10271.81
1779886800000,159.416,159.434,159.383,159.383,5757.49
1779890400000,159.382,159.509,159.369,159.507,10323.13
1779894000000,159.508,159.535,159.434,159.472,6293.15
1779897600000,159.469,159.525,159.468,159.496,2441.48
1779901200000,159.495,159.578,159.494,159.523,2822.02
1779904800000,159.526,159.557,159.493,159.502,1681.12
1779908400000,159.505,159.55,159.5,159.539,1223.84
1779912000000,159.54,159.54,159.501,159.513,1873.87
1779915600000,159.503,159.503,159.417,159.467,360.62
1779919200000,159.464,159.515,159.462,159.5,725.53
1779922800000,159.503,159.576,159.493,159.569,1187.25
1779926400000,159.572,159.599,159.543,159.555,2934.12
1779930000000,159.558,159.59,159.537,159.587,2113.49
1779933600000,159.585,159.601,159.524,159.558,1527.12
1779937200000,159.557,159.651,159.537,159.616,2999.82
1779940800000,159.618,159.618,159.524,159.575,2940.91
1779944400000,159.575,159.579,159.531,159.556,1738.99
1779948000000,159.554,159.571,159.469,159.489,3348.64
1779951600000,159.486,159.522,159.44,159.477,3614.63
1779955200000,159.475,159.524,159.45,159.456,3099.81
1779958800000,159.456,159.468,159.38,159.415,2529.31
1779962400000,159.415,159.465,159.378,159.465,2625.33
1779966000000,159.466,159.467,159.416,159.463,3669.08
1779969600000,159.459,159.46,159.314,159.367,6106.96
1779973200000,159.366,159.458,159.321,159.449,5572.93
1779976800000,159.452,159.491,159.18,159.224,16923.27
1779980400000,159.223,159.295,159.182,159.291,5365.88
1779984000000,159.291,159.337,159.113,159.164,7005.91
1779987600000,159.162,159.239,159.146,159.199,2305.84
1779991200000,159.197,159.283,159.173,159.257,4327.11
1779994800000,159.258,159.286,159.207,159.247,2315.52
1779998400000,159.245,159.272,159.222,159.227,1713.03
1780002000000,159.227,159.233,159.179,159.226,772.35
1780005600000,159.225,159.277,159.211,159.262,1075.59
1780009200000,159.262,159.275,159.22,159.272,1427.98
1780012800000,159.27,159.325,159.246,159.303,3578.45
1780016400000,159.291,159.327,159.251,159.315,2877.64
1780020000000,159.317,159.32,159.273,159.312,1508.67
1780023600000,159.313,159.367,159.31,159.359,2023.89
1780027200000,159.359,159.377,159.3,159.3,1522.76
1780030800000,159.3,159.331,159.284,159.311,1529.27
1780034400000,159.308,159.33,159.199,159.212,2651.3
1780038000000,159.214,159.316,159.202,159.262,4023.37
1780041600000,159.263,159.316,159.209,159.294,3252.31
1780045200000,159.293,159.299,159.235,159.297,3371.24
1780048800000,159.296,159.32,159.262,159.285,2409.44
1780052400000,159.287,159.3,159.248,159.25,2760.09
1780056000000,159.251,159.305,159.248,159.259,3859.02
1780059600000,159.256,159.309,159.241,159.301,3807.54
1780063200000,159.3,159.355,159.161,159.188,8134.57
1780066800000,159.188,159.245,159.095,159.23,9124.57
1780070400000,159.23,159.25,159.181,159.197,2623.96
1780074000000,159.196,159.285,159.183,159.283,1825.52
1780077600000,159.284,159.304,159.221,159.261,2829.64
1780081200000,159.261,159.272,159.216,159.26,2374.32
1780084800000,159.259,159.288,159.241,159.249,2977.16
1780261200000,159.344,159.356,159.322,159.336,101.7
1780264800000,159.336,159.431,159.319,159.386,3479.82
1780268400000,159.385,159.396,159.297,159.359,2490.51
1780272000000,159.36,159.468,159.36,159.454,6355.86
1780275600000,159.454,159.495,159.45,159.486,4021.56
1780279200000,159.485,159.497,159.45,159.463,1223.31
1780282800000,159.462,159.484,159.439,159.478,1210.22
1780286400000,159.477,159.48,159.455,159.458,2120.09
1780290000000,159.459,159.479,159.436,159.459,1904.98
1780293600000,159.459,159.498,159.411,159.424,4421.78
1780297200000,159.426,159.484,159.408,159.465,4522.13
1780300800000,159.464,159.473,159.438,159.45,2393.5
1780304400000,159.451,159.481,159.444,159.456,2999.38
1780308000000,159.456,159.477,159.439,159.45,2322.91
1780311600000,159.45,159.492,159.444,159.487,1838.09
1780315200000,159.485,159.493,159.435,159.485,5052.3
1780318800000,159.484,159.74,159.483,159.734,16124.31
1780322400000,159.743,159.761,159.654,159.721,8906.94
1780326000000,159.721,159.734,159.58,159.657,9670.36
1780329600000,159.657,159.711,159.568,159.602,8137.37
1780333200000,159.602,159.682,159.566,159.631,7510.94
1780336800000,159.632,159.762,159.617,159.759,4444.83
1780340400000,159.757,159.757,159.649,159.691,4024.33
1780344000000,159.691,159.705,159.641,159.641,2554.57
1780347600000,159.637,159.674,159.571,159.617,1194.32
1780351200000,159.615,159.666,159.61,159.658,1763.03
1780354800000,159.658,159.659,159.619,159.645,2421.11
1780358400000,159.644,159.723,159.636,159.664,5454.43
1780362000000,159.662,159.721,159.635,159.705,4798.83
1780365600000,159.705,159.719,159.68,159.714,2308.2
1780369200000,159.713,159.722,159.69,159.719,2849.7
1780372800000,159.718,159.727,159.709,159.727,1699.41
1780376400000,159.725,159.741,159.712,159.738,1938.09
1780380000000,159.738,159.744,159.686,159.705,4598.52
1780383600000,159.704,159.726,159.693,159.693,3950.75
1780387200000,159.693,159.742,159.655,159.739,4546.47
1780390800000,159.741,159.749,159.696,159.739,2224.26
1780394400000,159.74,159.752,159.706,159.728,2190.89
1780398000000,159.727,159.749,159.716,159.742,2198.49
1780401600000,159.74,159.784,159.734,159.781,4141.79
1780405200000,159.78,159.835,159.764,159.804,5963.4
1780408800000,159.802,159.874,159.801,159.863,5950.25
1780412400000,159.864,159.9,159.856,159.877,3990.34
1780416000000,159.875,159.945,159.865,159.907,2843.99
1780419600000,159.907,159.969,159.888,159.962,3024.82
1780423200000,159.961,159.987,159.9,159.904,2892.85
1780426800000,159.904,159.953,159.888,159.926,2701.86
1780430400000,159.926,159.947,159.874,159.876,2012.75
1780434000000,159.875,159.914,159.833,159.903,796.65
1780437600000,159.9,159.958,159.883,159.954,955.98
1780441200000,159.954,159.996,159.949,159.98,2480.1
1780444800000,159.982,159.983,159.894,159.938,3533.6
1780448400000,159.938,159.943,159.815,159.859,2528.34
1780452000000,159.86,159.879,159.834,159.872,1600.33
1780455600000,159.872,159.9,159.868,159.883,2166.39
1780459200000,159.885,159.895,159.865,159.886,2000.18
1780462800000,159.887,159.93,159.869,159.925,2106.58
1780466400000,159.927,159.984,159.905,159.976,4162.86
1780470000000,159.974,159.995,159.55,159.7,11510.3
1780473600000,159.698,159.815,159.365,159.755,10938.03
1780477200000,159.753,159.881,159.753,159.789,2729.54
1780480800000,159.789,159.853,159.666,159.791,5370.41
1780484400000,159.79,159.837,159.781,159.837,3041.7
1780488000000,159.84,159.93,159.799,159.916,5413.45
1780491600000,159.914,159.983,159.891,159.974,6059.32
1780495200000,159.965,159.995,159.897,159.945,9953.73
1780498800000,159.944,160.005,159.935,159.972,4651.29
1780502400000,159.971,160.048,159.951,159.985,6066.07
1780506000000,159.983,160.049,159.949,160.046,2389.11
1780509600000,160.045,160.058,160.018,160.029,2336.57
1780513200000,160.028,160.079,160.003,160.075,2901.88
1780516800000,160.075,160.091,160.024,160.024,2093.01
1780520400000,160.024,160.055,159.962,159.99,576.36
1780524000000,159.994,160.074,159.829,159.916,3145.04
1780527600000,159.917,159.979,159.89,159.948,3762.25
1780531200000,159.947,159.963,159.885,159.909,4043.76
1780534800000,159.907,159.928,159.871,159.883,3328.11
1780538400000,159.882,159.911,159.874,159.894,2229.21
1780542000000,159.895,159.988,159.894,159.97,1335.75
1780545600000,159.972,159.99,159.598,159.867,4777.14
1780549200000,159.869,159.93,159.857,159.884,2460.77
1780552800000,159.885,159.92,159.825,159.902,4616.49
1780556400000,159.899,159.927,159.863,159.902,4897.64
1780560000000,159.903,159.918,159.843,159.875,3385.19
1780563600000,159.874,159.896,159.843,159.857,3775.71
1780567200000,159.858,159.897,159.855,159.876,3437.73
1780570800000,159.875,159.876,159.75,159.767,6993.54
1780574400000,159.767,159.876,159.756,159.864,6278.64
1780578000000,159.865,159.919,159.841,159.917,6050.58
1780581600000,159.916,160.002,159.878,159.985,6156.71
1780585200000,159.985,160.028,159.957,159.97,4984.52
1780588800000,159.972,159.992,159.939,159.967,1795.35
1780592400000,159.967,160.001,159.967,159.993,1778.7
1780596000000,159.994,160.032,159.968,160.026,2628.33
1780599600000,160.027,160.031,160.005,160.013,2992.92
1780603200000,160.013,160.041,160.006,160.014,1692.08
1780606800000,160.013,160.014,159.932,159.967,550.2
1780610400000,159.954,160.022,159.954,159.997,991.13
1780614000000,160.003,160.009,159.971,159.995,1766.47
1780617600000,159.993,160.006,159.942,159.959,3102.12
1780621200000,159.958,159.971,159.898,159.958,4272.29
1780624800000,159.958,159.975,159.937,159.972,1447.2
1780628400000,159.973,159.991,159.943,159.956,2025.6
1780632000000,159.955,159.968,159.942,159.959,1435.35
1780635600000,159.96,159.969,159.917,159.962,1528.19
1780639200000,159.963,159.972,159.924,159.938,2888.37
1780642800000,159.939,159.952,159.908,159.95,4299.06
1780646400000,159.949,159.952,159.922,159.945,2008.5
1780650000000,159.947,159.957,159.893,159.942,3495.07
1780653600000,159.942,159.949,159.904,159.909,1312.97
1780657200000,159.911,159.929,159.83,159.844,5756.89
1780660800000,159.844,160.219,159.834,160.212,16283.53
1780664400000,160.216,160.262,159.726,160.145,24853.73
1780668000000,160.146,160.278,160.06,160.269,13608.61
1780671600000,160.27,160.298,160.211,160.263,8330.27
1780675200000,160.263,160.342,160.241,160.278,5710.12
1780678800000,160.277,160.34,160.27,160.319,2846.66
1780682400000,160.318,160.339,160.089,160.163,4745.58
1780686000000,160.163,160.207,160.116,160.183,3953.48
1780689600000,160.184,160.327,160.177,160.28,3690.97
1780866000000,160.211,160.25,160.163,160.225,1094.73
1780869600000,160.246,160.354,160.244,160.33,2150.13
1780873200000,160.331,160.341,160.239,160.335,2345.11
1780876800000,160.337,160.343,160.24,160.322,5808.13
1780880400000,160.32,160.35,160.264,160.332,6613.38
1780884000000,160.331,160.377,160.325,160.373,3538.2
1780887600000,160.375,160.392,160.337,160.337,916.5
1780891200000,160.337,160.353,160.287,160.341,2014.41
1780894800000,160.341,160.343,160.205,160.26,4521.42
1780898400000,160.259,160.342,160.227,160.261,6547.2
1780902000000,160.262,160.263,160.149,160.227,9211.0
1780905600000,160.226,160.24,159.849,160.024,8780.17
1780909200000,160.024,160.073,159.981,160.006,10178.29
1780912800000,160.008,160.082,159.928,160.005,6073.52
1780916400000,160.0,160.011,159.884,159.969,8480.45
1780920000000,159.968,159.983,159.915,159.958,6405.75
1780923600000,159.957,160.037,159.936,160.033,7709.28
1780927200000,160.034,160.202,160.029,160.072,7808.32
1780930800000,160.072,160.139,160.038,160.118,5653.78
1780934400000,160.118,160.169,160.083,160.16,3196.77
1780938000000,160.16,160.204,160.122,160.165,4508.06
1780941600000,160.163,160.267,160.139,160.257,2243.68
1780945200000,160.261,160.267,160.206,160.213,3319.16
1780948800000,160.213,160.222,160.097,160.099,2905.14
1780952400000,160.098,160.168,160.085,160.127,617.2
1780956000000,160.128,160.186,160.128,160.174,1383.03
1780959600000,160.172,160.226,160.159,160.18,1628.05
1780963200000,160.183,160.278,160.133,160.235,6416.92
1780966800000,160.234,160.251,160.175,160.191,4278.44
1780970400000,160.191,160.222,160.185,160.218,2067.96
1780974000000,160.217,160.254,160.202,160.252,2402.84
1780977600000,160.253,160.253,160.185,160.191,3761.1
1780981200000,160.191,160.207,160.108,160.15,5255.16
1780984800000,160.152,160.178,160.052,160.166,8081.45
1780988400000,160.168,160.214,160.153,160.198,7666.45
1780992000000,160.197,160.222,160.167,160.175,4441.68
1780995600000,160.175,160.199,160.142,160.19,3940.17
1780999200000,160.191,160.213,160.146,160.166,2449.38
1781002800000,160.167,160.179,160.144,160.158,2685.39
1781006400000,160.158,160.196,160.146,160.187,5007.91
1781010000000,160.186,160.224,160.147,160.197,6331.39
1781013600000,160.196,160.258,160.148,160.251,11894.66
1781017200000,160.251,160.302,160.215,160.227,7380.29
1781020800000,160.227,160.443,160.213,160.399,8585.2
1781024400000,160.398,160.404,160.284,160.354,7253.02
1781028000000,160.354,160.376,160.332,160.358,2376.27
1781031600000,160.359,160.42,160.357,160.411,2194.03
1781035200000,160.41,160.422,160.338,160.338,1408.46
1781038800000,160.325,160.371,160.309,160.339,415.2
1781042400000,160.34,160.403,160.34,160.403,1605.98
1781046000000,160.404,160.419,160.375,160.389,1555.51
1781049600000,160.392,160.435,160.355,160.383,3820.31
1781053200000,160.382,160.393,160.236,160.38,3451.41
1781056800000,160.38,160.382,160.337,160.364,1917.66
1781060400000,160.364,160.371,160.339,160.357,1527.03
1781064000000,160.357,160.369,160.346,160.369,1973.95
1781067600000,160.368,160.377,160.328,160.344,2152.19
1781071200000,160.342,160.387,160.325,160.384,4487.65
1781074800000,160.381,160.396,160.348,160.39,3137.57
1781078400000,160.39,160.428,160.383,160.422,3378.8
1781082000000,160.422,160.474,160.404,160.443,3722.24
1781085600000,160.444,160.476,160.443,160.466,2152.65
1781089200000,160.465,160.529,160.457,160.497,7319.24
1781092800000,160.498,160.514,160.323,160.437,10291.64
1781096400000,160.437,160.455,160.34,160.385,7568.53
1781100000000,160.385,160.491,160.37,160.483,6290.71
1781103600000,160.483,160.528,160.443,160.473,8689.56
1781107200000,160.473,160.508,160.441,160.486,6236.84
1781110800000,160.485,160.54,160.458,160.503,5315.27
1781114400000,160.504,160.504,160.452,160.49,3566.42
1781118000000,160.494,160.54,160.493,160.537,1702.5
1781121600000,160.537,160.571,160.521,160.526,1811.68
1781125200000,160.522,160.522,160.458,160.514,400.25
1781128800000,160.515,160.561,160.505,160.541,1753.94
1781132400000,160.542,160.56,160.514,160.532,2759.67
1781136000000,160.53,160.548,160.494,160.516,4398.29
1781139600000,160.516,160.545,160.425,160.486,3338.65
1781143200000,160.496,160.533,160.475,160.514,1765.21
1781146800000,160.523,160.535,160.508,160.513,1253.22
1781150400000,160.512,160.532,160.495,160.504,1038.51
1781154000000,160.505,160.548,160.494,160.543,1432.13
1781157600000,160.546,160.587,160.534,160.557,3521.75
1781161200000,160.555,160.555,160.493,160.506,3834.51
1781164800000,160.506,160.541,160.498,160.533,2909.34
1781168400000,160.534,160.548,160.514,160.529,2355.42
1781172000000,160.531,160.552,160.523,160.526,3929.02
1781175600000,160.526,160.535,160.507,160.535,6478.93
1781179200000,160.536,160.594,160.521,160.531,10113.36
1781182800000,160.532,160.557,160.456,160.485,11144.63
1781186400000,160.485,160.552,160.47,160.505,7025.45
1781190000000,160.507,160.52,160.47,160.508,4938.73
1781193600000,160.507,160.557,160.504,160.529,2550.28
1781197200000,160.53,160.547,160.03,160.123,15152.81
1781200800000,160.122,160.283,159.938,160.078,12795.73
1781204400000,160.078,160.082,159.563,159.791,12362.92
1781208000000,159.787,159.977,159.743,159.896,4019.55
1781211600000,159.896,159.984,159.853,159.948,1048.23
1781215200000,159.948,160.086,159.936,160.013,3466.93
1781218800000,160.013,160.147,159.972,160.135,3675.94
1781222400000,160.138,160.217,160.125,160.169,6600.57
1781226000000,160.169,160.265,160.151,160.264,4439.13
1781229600000,160.264,160.304,160.242,160.287,3748.01
1781233200000,160.289,160.294,160.209,160.231,4266.41
1781236800000,160.229,160.268,160.226,160.255,1864.57
1781240400000,160.254,160.348,160.239,160.343,2991.12
1781244000000,160.342,160.356,160.255,160.317,5940.26
1781247600000,160.316,160.376,160.267,160.284,5550.6
1781251200000,160.283,160.292,159.951,160.092,13553.5
1781254800000,160.091,160.111,159.954,160.062,7246.86
1781258400000,160.065,160.192,160.038,160.095,4998.7
1781262000000,160.093,160.183,160.093,160.172,4263.09
1781265600000,160.175,160.306,160.172,160.254,6244.4
1781269200000,160.253,160.341,160.19,160.273,10777.13
1781272800000,160.271,160.29,160.161,160.24,11454.27
1781276400000,160.237,160.247,160.164,160.245,8916.15
1781280000000,160.245,160.277,160.182,160.228,5235.29
1781283600000,160.227,160.235,160.182,160.199,2858.96
1781287200000,160.196,160.239,160.19,160.234,2825.47
1781290800000,160.236,160.241,160.198,160.203,2547.33
1781294400000,160.203,160.229,160.191,160.201,3658.59
1781470800000,160.112,160.144,159.794,159.801,540.83
1781474400000,159.796,159.959,159.734,159.936,4529.01
1781478000000,159.939,159.977,159.899,159.959,3080.72
1781481600000,159.958,160.127,159.882,160.11,8037.87
1781485200000,160.109,160.214,160.095,160.206,5861.17
1781488800000,160.205,160.23,160.121,160.142,2365.88
1781492400000,160.141,160.143,160.047,160.056,1166.57
1781496000000,160.056,160.093,160.013,160.049,1893.6
1781499600000,160.05,160.056,159.99,160.049,2803.44
1781503200000,160.049,160.159,160.044,160.127,3991.01
1781506800000,160.127,160.138,160.044,160.111,3808.69
1781510400000,160.11,160.148,160.076,160.134,3440.54
1781514000000,160.138,160.146,160.089,160.122,3147.36
1781517600000,160.122,160.146,160.089,160.125,1969.0
1781521200000,160.125,160.206,160.111,160.185,4179.83
1781524800000,160.184,160.19,160.118,160.14,4408.85
1781528400000,160.139,160.154,160.067,160.072,5102.89
1781532000000,160.072,160.138,160.03,160.136,9174.33
1781535600000,160.136,160.204,160.126,160.199,5574.41
1781539200000,160.199,160.239,160.146,160.215,3824.34
1781542800000,160.217,160.28,160.211,160.27,2853.71
1781546400000,160.271,160.319,160.254,160.307,3389.34
1781550000000,160.306,160.391,160.282,160.388,2857.91
1781553600000,160.387,160.395,160.313,160.319,3520.81
1781557200000,160.319,160.361,160.277,160.336,490.8
1781560800000,160.337,160.352,160.315,160.324,818.08
1781564400000,160.323,160.326,160.221,160.244,1312.02
1781568000000,160.244,160.273,160.154,160.197,4340.87
1781571600000,160.196,160.213,160.102,160.159,3769.38
1781575200000,160.16,160.195,160.1,160.137,2024.47
1781578800000,160.138,160.248,160.048,160.207,4968.0
1781582400000,160.208,160.345,160.19,160.253,5417.28
1781586000000,160.253,160.301,160.231,160.291,1945.55
1781589600000,160.294,160.294,160.147,160.209,5061.46
1781593200000,160.209,160.344,160.196,160.235,6126.52
1781596800000,160.234,160.331,160.223,160.321,7467.64
1781600400000,160.32,160.359,160.305,160.34,6519.79
1781604000000,160.341,160.344,160.279,160.289,4573.8
1781607600000,160.291,160.359,160.291,160.358,2460.52
1781611200000,160.358,160.375,160.316,160.324,5340.07
1781614800000,160.325,160.406,160.322,160.394,6518.89
1781618400000,160.397,160.464,160.371,160.4,5986.48
1781622000000,160.4,160.46,160.334,160.391,5206.6
1781625600000,160.389,160.407,160.333,160.395,3919.89
1781629200000,160.396,160.443,160.387,160.437,1265.77
1781632800000,160.437,160.46,160.419,160.434,1617.54
1781636400000,160.434,160.477,160.398,160.467,4185.13
1781640000000,160.467,160.48,160.426,160.426,1199.47
1781643600000,160.389,160.449,160.308,160.403,751.58
1781647200000,160.421,160.441,160.4,160.401,1525.21
1781650800000,160.404,160.441,160.394,160.425,964.14
1781654400000,160.422,160.424,160.345,160.35,3068.15
1781658000000,160.35,160.371,160.311,160.347,2650.49
1781661600000,160.346,160.351,160.31,160.333,1270.81
1781665200000,160.33,160.353,160.311,160.32,1249.75
1781668800000,160.322,160.324,160.256,160.265,1223.63
1781672400000,160.266,160.328,160.26,160.324,1124.33
1781676000000,160.323,160.333,160.247,160.253,3113.91
1781679600000,160.252,160.304,160.181,160.189,3747.56
1781683200000,160.188,160.253,160.116,160.206,6548.18
1781686800000,160.205,160.224,160.163,160.183,1839.92
1781690400000,160.184,160.242,160.181,160.236,2520.43
1781694000000,160.236,160.333,160.229,160.31,3604.04
1781697600000,160.308,160.324,160.23,160.245,3358.03
1781701200000,160.244,160.299,160.186,160.195,3577.9
1781704800000,160.195,160.348,160.195,160.319,5582.1
1781708400000,160.321,160.335,160.19,160.22,3213.63
1781712000000,160.219,160.234,160.197,160.198,1369.75
1781715600000,160.202,160.237,160.192,160.193,1979.86
1781719200000,160.193,160.505,160.188,160.491,19414.0
1781722800000,160.492,160.795,160.467,160.73,24061.52
1781726400000,160.729,160.756,160.635,160.635,4630.7
1781730000000,160.632,160.659,160.492,160.526,858.4
1781733600000,160.524,160.645,160.524,160.605,2216.8
1781737200000,160.607,160.622,160.537,160.606,1720.77
1781740800000,160.604,160.748,160.533,160.698,4570.57
1781744400000,160.696,160.696,160.623,160.634,2839.1
1781748000000,160.636,160.663,160.561,160.582,2150.04
1781751600000,160.597,160.615,160.569,160.583,2458.35
1781755200000,160.582,160.621,160.575,160.593,1458.45
1781758800000,160.592,160.648,160.581,160.642,2769.03
1781762400000,160.642,160.68,160.591,160.634,3988.69
1781766000000,160.634,160.681,160.571,160.595,4216.77
1781769600000,160.595,160.775,160.591,160.774,3370.73
1781773200000,160.774,160.802,160.475,160.789,12510.27
1781776800000,160.791,160.949,160.748,160.92,7039.94
1781780400000,160.92,160.949,160.867,160.929,5699.64
1781784000000,160.93,160.944,160.83,160.872,7712.12
1781787600000,160.871,160.927,160.799,160.885,9015.2
1781791200000,160.885,160.912,160.838,160.856,7341.5
1781794800000,160.855,161.371,160.849,161.367,11186.48
1781798400000,161.369,161.452,161.198,161.426,15037.89
1781802000000,161.426,161.456,161.336,161.445,6090.04
1781805600000,161.446,161.685,161.403,161.677,8776.35
1781809200000,161.674,161.807,160.928,161.431,20155.88
1781812800000,161.428,161.46,161.327,161.36,3102.56
1781816400000,161.339,161.402,161.291,161.322,620.03
1781820000000,161.32,161.42,161.174,161.276,2345.08
1781823600000,161.267,161.358,161.249,161.296,2393.44
1781827200000,161.298,161.3,161.012,161.104,7780.31
1781830800000,161.103,161.21,160.986,161.197,6842.26
1781834400000,161.197,161.241,161.103,161.228,3851.64
1781838000000,161.231,161.344,161.202,161.344,3215.01
1781841600000,161.345,161.411,161.337,161.375,3342.89
1781845200000,161.376,161.456,161.332,161.338,4601.72
1781848800000,161.337,161.4,161.266,161.274,7059.61
1781852400000,161.274,161.35,161.238,161.318,7827.96
1781856000000,161.317,161.323,161.238,161.285,4968.06
1781859600000,161.284,161.328,161.234,161.261,3320.3
1781863200000,161.262,161.331,161.24,161.278,2624.31
1781866800000,161.279,161.306,161.235,161.258,2477.32
1781870400000,161.256,161.279,161.158,161.173,5497.25
1781874000000,161.193,161.3,161.155,161.295,4351.92
1781877600000,161.298,161.32,161.148,161.162,4613.19
1781881200000,161.165,161.307,161.131,161.304,4746.6
1781884800000,161.304,161.339,161.265,161.333,1729.52
1781888400000,161.334,161.334,161.261,161.271,619.07
1781892000000,161.27,161.282,161.23,161.267,579.29
1781895600000,161.234,161.294,161.229,161.289,594.8
1781899200000,161.29,161.322,161.235,161.255,15546.08
1782075600000,161.225,161.319,161.21,161.312,262.87
1782079200000,161.314,161.457,161.314,161.445,2934.84
1782082800000,161.447,161.514,161.417,161.439,2184.3
1782086400000,161.439,161.567,161.417,161.495,6479.62
1782090000000,161.496,161.547,161.435,161.535,4244.56
1782093600000,161.535,161.598,161.516,161.536,3206.83
1782097200000,161.534,161.604,161.531,161.585,2534.62
1782100800000,161.585,161.691,161.583,161.666,2347.95
1782104400000,161.666,161.7,161.64,161.699,3093.92
1782108000000,161.698,161.713,161.611,161.68,6282.55
1782111600000,161.679,161.766,161.649,161.74,4196.37
1782115200000,161.738,161.786,161.705,161.77,5353.93
1782118800000,161.768,161.773,161.706,161.742,5016.2
1782122400000,161.743,161.748,161.654,161.726,4212.63
1782126000000,161.725,161.781,161.674,161.764,4426.04
1782129600000,161.763,161.782,161.724,161.773,5701.41
1782133200000,161.773,161.904,161.733,161.896,12554.99
1782136800000,161.897,161.926,161.071,161.328,27356.15
1782140400000,161.33,161.546,161.164,161.506,16508.21
1782144000000,161.506,161.648,161.476,161.554,7779.42
1782147600000,161.553,161.564,161.484,161.5,4099.91
1782151200000,161.499,161.523,161.4,161.418,3886.46
1782154800000,161.419,161.688,161.419,161.603,4926.99
1782158400000,161.602,161.612,161.538,161.538,2823.76
1782162000000,161.534,161.537,161.478,161.519,868.33
1782165600000,161.521,161.636,161.52,161.577,1525.38
1782169200000,161.578,161.586,161.553,161.576,1142.63
1782172800000,161.575,161.632,161.524,161.577,6347.76
1782176400000,161.575,161.604,161.555,161.588,3366.25
1782180000000,161.588,161.595,161.523,161.58,4363.67
1782183600000,161.581,161.604,161.537,161.553,1725.53
1782187200000,161.553,161.613,161.551,161.609,1780.12
1782190800000,161.61,161.685,161.588,161.65,4364.9
1782194400000,161.65,161.739,161.64,161.642,6676.74
1782198000000,161.641,161.659,161.321,161.465,14159.61
1782201600000,161.461,161.484,161.27,161.433,8000.81
1782205200000,161.435,161.465,161.342,161.384,4525.73
1782208800000,161.385,161.479,161.351,161.451,3778.45
1782212400000,161.451,161.613,161.431,161.589,4685.76
1782216000000,161.589,161.607,161.445,161.56,6180.93
1782219600000,161.556,161.58,161.466,161.523,6359.72
1782223200000,161.519,161.583,161.486,161.542,7742.18
1782226800000,161.543,161.585,161.504,161.548,4479.54
1782230400000,161.55,161.599,161.539,161.596,1712.09
1782234000000,161.597,161.618,161.545,161.558,2983.62
1782237600000,161.558,161.594,161.544,161.566,2822.34
1782241200000,161.566,161.577,161.511,161.577,2621.07
1782244800000,161.577,161.61,161.544,161.544,1757.59
1782248400000,161.544,161.553,161.458,161.52,542.54
1782252000000,161.52,161.602,161.52,161.557,1128.46
1782255600000,161.557,161.607,161.533,161.6,1808.51
1782259200000,161.599,161.635,161.548,161.623,5035.54
1782262800000,161.624,161.625,161.547,161.568,2758.47
1782266400000,161.549,161.586,161.533,161.549,1795.94
1782270000000,161.549,161.601,161.545,161.55,2589.51
1782273600000,161.549,161.562,161.53,161.556,1648.16
1782277200000,161.557,161.614,161.545,161.607,1822.32
1782280800000,161.608,161.715,161.583,161.708,2917.33
1782284400000,161.707,161.737,161.664,161.715,2414.3
1782288000000,161.714,161.754,161.681,161.753,2411.13
1782291600000,161.751,161.777,161.709,161.741,2966.95
1782295200000,161.739,161.75,161.682,161.69,2205.09
1782298800000,161.687,161.716,161.623,161.653,4038.18
1782302400000,161.656,161.752,161.634,161.751,4895.81
1782306000000,161.752,161.765,161.698,161.748,6440.77
1782309600000,161.748,161.816,161.705,161.79,5916.13
1782313200000,161.788,161.81,161.731,161.758,7038.54
1782316800000,161.756,161.768,161.687,161.756,3288.43
1782320400000,161.758,161.819,161.736,161.816,3089.32
1782324000000,161.815,161.827,161.76,161.76,4009.79
1782327600000,161.761,161.84,161.747,161.822,3076.03
1782331200000,161.821,161.83,161.758,161.758,3416.79
1782334800000,161.756,161.79,161.713,161.759,1279.2
1782338400000,161.761,161.781,161.738,161.765,1177.79
1782342000000,161.765,161.788,161.751,161.769,855.9
1782345600000,161.767,161.779,161.697,161.713,3914.79
1782349200000,161.712,161.742,161.555,161.712,5082.53
1782352800000,161.713,161.727,161.661,161.711,2683.12
1782356400000,161.712,161.749,161.696,161.721,1625.14
1782360000000,161.722,161.773,161.708,161.763,1572.89
1782363600000,161.763,161.83,161.726,161.824,2907.86
1782367200000,161.819,161.887,161.784,161.881,3829.2
1782370800000,161.882,161.897,161.754,161.812,6587.18
1782374400000,161.811,161.834,161.772,161.798,3622.66
1782378000000,161.797,161.839,161.786,161.813,2974.48
1782381600000,161.814,161.895,161.804,161.875,1975.72
1782385200000,161.875,161.948,161.749,161.866,5197.03
1782388800000,161.865,161.9,161.772,161.837,8288.97
1782392400000,161.836,161.855,161.702,161.742,6100.51
1782396000000,161.742,161.76,161.557,161.675,9490.1
1782399600000,161.676,161.722,161.613,161.672,6613.65
1782403200000,161.671,161.766,161.658,161.766,3103.89
1782406800000,161.767,161.807,161.73,161.777,2405.08
1782410400000,161.777,161.841,161.762,161.792,3500.03
1782414000000,161.792,161.824,161.748,161.789,3357.45
1782417600000,161.789,161.813,161.775,161.778,2407.83
1782421200000,161.777,161.818,161.652,161.76,1797.37
1782424800000,161.76,161.801,161.759,161.784,1160.16
1782428400000,161.786,161.815,161.76,161.804,1609.45
1782432000000,161.803,161.84,161.791,161.83,2484.55
1782435600000,161.829,161.847,161.79,161.803,1915.27
1782439200000,161.804,161.814,161.77,161.775,2491.06
1782442800000,161.776,161.777,161.621,161.649,3833.94
1782446400000,161.651,161.682,161.565,161.627,3479.15
1782450000000,161.627,161.642,161.538,161.541,3319.79
1782453600000,161.543,161.747,161.531,161.715,5149.62
1782457200000,161.715,161.725,161.619,161.625,5096.25
1782460800000,161.625,161.655,161.535,161.587,5831.96
1782464400000,161.586,161.623,161.531,161.606,4124.0
1782468000000,161.608,161.641,161.569,161.618,2582.3
1782471600000,161.617,161.68,161.606,161.662,3119.0
1782475200000,161.662,161.703,161.637,161.656,5886.25
1782478800000,161.656,161.721,161.62,161.627,22622.79
1782482400000,161.627,161.74,161.577,161.726,17788.51
1782486000000,161.723,161.746,161.633,161.67,21977.08
1782489600000,161.669,161.77,161.66,161.754,10972.5
1782493200000,161.753,161.776,161.73,161.77,12145.32
1782496800000,161.77,161.775,161.71,161.735,7567.55
1782500400000,161.739,161.762,161.71,161.755,6217.26
1782504000000,161.755,161.776,161.691,161.692,8929.95
1782680400000,161.676,161.797,161.675,161.797,293.74
1782684000000,161.828,161.874,161.747,161.789,5446.95
1782687600000,161.787,161.807,161.774,161.794,7071.14
1782691200000,161.794,161.794,161.718,161.759,10621.25
1782694800000,161.759,161.792,161.733,161.788,8301.89
1782698400000,161.739,161.79,161.732,161.785,6072.7
1782702000000,161.784,161.796,161.772,161.796,4530.78
1782705600000,161.796,161.814,161.784,161.812,4709.92
1782709200000,161.812,161.814,161.783,161.801,6372.21
1782712800000,161.801,161.849,161.777,161.789,16075.47
1782716400000,161.791,161.83,161.787,161.824,15370.85
1782720000000,161.824,161.857,161.801,161.852,12253.87
1782723600000,161.851,161.898,161.831,161.883,13105.68
1782727200000,161.884,161.899,161.846,161.855,13914.29
1782730800000,161.856,161.861,161.813,161.835,12988.48
1782734400000,161.837,161.902,161.832,161.891,16581.46
1782738000000,161.891,161.964,161.883,161.957,28104.95
1782741600000,161.957,161.957,161.809,161.928,28823.79
1782745200000,161.926,161.951,161.92,161.932,18231.97
1782748800000,161.931,161.945,161.917,161.942,12723.54
1782752400000,161.941,161.959,161.919,161.934,12075.36
1782756000000,161.936,161.982,161.926,161.97,12294.63
1782759600000,161.968,161.97,161.906,161.939,11702.39
1782763200000,161.94,161.963,161.927,161.928,5818.48
1782766800000,161.927,161.93,161.881,161.906,1782.49
1782770400000,161.905,161.942,161.902,161.921,2796.14
1782774000000,161.919,161.929,161.908,161.924,3830.66
1782777600000,161.923,162.401,161.923,162.135,19217.95
1782781200000,162.134,162.303,162.052,162.181,23911.9
1782784800000,162.183,162.196,162.108,162.146,12821.6
1782788400000,162.145,162.244,162.042,162.172,9311.86
1782792000000,162.173,162.201,162.15,162.201,5536.71
1782795600000,162.206,162.288,162.153,162.288,8515.17
1782799200000,162.289,162.412,162.203,162.204,26793.13
1782802800000,162.204,162.267,162.118,162.256,14969.54
1782806400000,162.258,162.413,162.224,162.317,22254.24
1782810000000,162.316,162.348,162.267,162.292,16543.59
1782813600000,162.291,162.355,162.291,162.315,12401.34
1782817200000,162.315,162.426,162.314,162.414,16465.41
1782820800000,162.414,162.51,162.027,162.403,25691.75
1782824400000,162.401,162.476,162.315,162.467,18969.63
1782828000000,162.469,162.549,162.355,162.515,36906.44
1782831600000,162.515,162.662,162.47,162.612,25570.41
1782835200000,162.614,162.67,162.6,162.647,13400.2
1782838800000,162.647,162.648,162.556,162.584,10241.22
1782842400000,162.584,162.62,162.559,162.617,11539.46
1782846000000,162.62,162.63,162.573,162.581,11970.2
1782849600000,162.581,162.611,162.527,162.528,9309.19
1782853200000,162.505,162.62,162.476,162.552,5707.01
1782856800000,162.552,162.624,162.552,162.603,3988.89
1782860400000,162.604,162.646,162.527,162.634,5509.28
1782864000000,162.633,162.776,162.633,162.684,14010.55
1782867600000,162.687,162.732,162.589,162.684,16716.49
1782871200000,162.684,162.789,162.66,162.749,10346.07
1782874800000,162.749,162.84,162.732,162.796,10906.33
1782878400000,162.796,162.811,162.564,162.727,10789.25
1782882000000,162.729,162.76,162.687,162.708,8111.33
1782885600000,162.71,162.755,162.656,162.677,16377.05
1782889200000,162.677,162.72,162.611,162.671,18800.57
1782892800000,162.671,162.701,162.633,162.664,17311.39
1782896400000,162.663,162.742,162.649,162.733,11520.2
1782900000000,162.733,162.745,162.674,162.688,9007.23
1782903600000,162.688,162.734,162.682,162.695,12035.37
1782907200000,162.695,162.764,162.672,162.698,16231.2
1782910800000,162.698,162.734,162.296,162.407,33652.15
1782914400000,162.408,162.45,162.308,162.395,32550.64
1782918000000,162.395,162.474,162.373,162.413,21539.23
1782921600000,162.413,162.461,162.358,162.457,16591.88
1782925200000,162.456,162.545,162.423,162.532,10520.81
1782928800000,162.531,162.58,162.511,162.533,12057.85
1782932400000,162.522,162.581,162.507,162.57,8568.11
1782936000000,162.571,162.616,162.55,162.567,7645.69
1782939600000,162.562,162.566,162.512,162.537,2063.31
1782943200000,162.535,162.57,162.535,162.539,2052.13
1782946800000,162.542,162.585,162.516,162.546,3621.22
1782950400000,162.546,162.597,162.48,162.563,18236.39
1782954000000,162.563,162.584,162.506,162.533,9932.32
1782957600000,162.534,162.552,162.495,162.523,7050.29
1782961200000,162.524,162.543,162.433,162.46,5122.77
1782964800000,162.459,162.46,162.361,162.432,9965.44
1782968400000,162.432,162.432,162.317,162.331,8256.22
1782972000000,162.331,162.334,161.119,161.822,31175.1
1782975600000,161.821,161.949,161.372,161.434,39303.62
1782979200000,161.434,161.46,160.899,161.025,44199.27
1782982800000,161.024,161.34,161.023,161.199,23764.67
1782986400000,161.2,161.487,161.197,161.359,16343.33
1782990000000,161.36,161.497,161.323,161.479,19282.7
1782993600000,161.478,161.642,160.63,161.026,46059.72
1782997200000,161.025,161.158,160.854,160.856,49223.19
1783000800000,160.855,161.116,160.828,161.042,35316.0
1783004400000,161.042,161.079,160.759,160.908,28855.87
1783008000000,160.908,161.092,160.889,160.984,28242.32
1783011600000,160.986,161.125,160.986,161.072,19555.0
1783015200000,161.072,161.103,161.019,161.06,18710.28
1783018800000,161.049,161.172,161.049,161.126,12424.64
1783022400000,161.127,161.139,161.069,161.086,4792.81
1783026000000,161.087,161.13,160.944,161.081,3933.23
1783029600000,161.087,161.3,161.068,161.26,5072.41
1783033200000,161.261,161.466,161.233,161.455,10245.05
1783036800000,161.456,161.521,161.185,161.19,23118.32
1783040400000,161.19,161.272,160.918,161.235,26034.2
1783044000000,161.235,161.246,161.121,161.171,13291.67
1783047600000,161.172,161.22,161.142,161.171,11871.29
1783051200000,161.172,161.209,161.126,161.127,11279.91
1783054800000,161.128,161.18,160.98,161.163,13367.74
1783058400000,161.162,161.163,160.479,160.871,24512.14
1783062000000,160.873,160.996,160.714,160.8,23275.71
1783065600000,160.801,161.037,160.773,161.035,6987.89
1783069200000,161.034,161.127,160.964,161.124,5885.66
1783072800000,161.125,161.166,161.073,161.095,6120.65
1783076400000,161.109,161.158,161.056,161.118,8341.8
1783080000000,161.117,161.17,161.103,161.169,13429.8
1783083600000,161.169,161.273,161.167,161.253,15849.37
1783087200000,161.252,161.291,161.205,161.29,10522.02
1783090800000,161.291,161.342,161.269,161.318,10261.49
1783094400000,161.318,161.392,161.303,161.346,6547.22
1783098000000,161.347,161.356,161.279,161.305,26662.39
1783101600000,161.301,161.357,161.289,161.353,14098.57
1783105200000,161.354,161.377,161.336,161.361,6257.09
1783108800000,161.361,161.438,161.328,161.347,32236.33
1783285200000,161.271,161.352,161.261,161.349,251.3
1783288800000,161.352,161.474,161.26,161.415,6727.15
1783292400000,161.417,161.505,161.415,161.458,7778.32
1783296000000,161.458,161.604,161.456,161.531,20064.06
1783299600000,161.538,161.813,161.529,161.81,19166.41
1783303200000,161.812,161.849,161.748,161.773,8671.55
1783306800000,161.772,161.859,161.763,161.84,7147.46
1783310400000,161.841,161.944,161.807,161.938,7561.91
1783314000000,161.939,162.085,161.885,162.079,8654.72
1783317600000,162.078,162.307,162.026,162.25,26998.33
1783321200000,162.251,162.314,162.153,162.16,24600.74
1783324800000,162.161,162.29,162.159,162.245,10837.41
1783328400000,162.246,162.347,162.228,162.329,7727.95
1783332000000,162.329,162.41,162.254,162.307,14011.02
1783335600000,162.306,162.355,162.281,162.333,10776.79
1783339200000,162.331,162.425,162.301,162.395,11362.95
1783342800000,162.397,162.419,162.31,162.335,16068.65
1783346400000,162.333,162.383,162.271,162.356,20291.03
1783350000000,162.357,162.368,162.272,162.282,12659.37
1783353600000,162.284,162.316,162.24,162.26,8387.71
1783357200000,162.259,162.27,162.144,162.173,9020.12
1783360800000,162.174,162.187,162.018,162.046,9053.88
1783364400000,162.078,162.114,162.032,162.046,9640.46
1783368000000,162.054,162.113,162.031,162.074,4203.94
1783371600000,162.074,162.161,162.031,162.073,5141.22
1783375200000,162.075,162.111,162.035,162.069,5750.6
1783378800000,162.067,162.107,162.0,162.094,4702.71
1783382400000,162.094,162.181,162.081,162.13,12366.85
1783386000000,162.131,162.146,161.689,161.871,14901.57
1783389600000,161.872,161.924,161.794,161.919,9542.76
1783393200000,161.92,161.925,161.792,161.871,11191.15
1783396800000,161.872,161.884,161.68,161.795,9429.96
1783400400000,161.795,161.893,161.748,161.87,12644.42
1783404000000,161.866,162.042,161.86,162.023,12323.08
1783407600000,162.024,162.08,161.659,161.959,18402.5
1783411200000,161.961,161.97,161.827,161.899,15257.42
1783414800000,161.9,161.964,161.813,161.938,9826.29
1783418400000,161.939,161.962,161.876,161.937,4054.64
1783422000000,161.937,161.955,161.843,161.916,7181.42
1783425600000,161.914,161.928,161.754,161.837,11066.34
1783429200000,161.838,161.901,161.812,161.892,16163.69
1783432800000,161.893,162.02,161.857,161.912,25069.23
1783436400000,161.913,161.944,161.857,161.912,15859.53
1783440000000,161.912,161.956,161.869,161.934,7398.14
1783443600000,161.933,161.941,161.877,161.89,7065.62
1783447200000,161.889,161.969,161.859,161.93,8140.95
1783450800000,161.931,162.138,161.929,162.073,19587.76
1783454400000,162.074,162.122,162.051,162.09,4429.7
1783458000000,162.091,162.178,161.952,162.147,5155.4
1783461600000,162.146,162.196,162.11,162.179,4523.24
1783465200000,162.181,162.366,162.168,162.363,8025.43
1783468800000,162.363,162.402,162.253,162.347,16318.68
1783472400000,162.346,162.461,162.284,162.356,14235.83
1783476000000,162.36,162.432,162.335,162.346,7887.93
1783479600000,162.344,162.352,162.29,162.341,5709.17
1783483200000,162.342,162.406,162.335,162.366,4614.88
1783486800000,162.367,162.375,162.21,162.298,8742.31
1783490400000,162.297,162.307,162.074,162.205,17752.9
1783494000000,162.205,162.29,162.18,162.223,20583.69
1783497600000,162.223,162.496,162.209,162.488,28309.77
1783501200000,162.489,162.555,162.262,162.463,25887.28
1783504800000,162.463,162.477,162.406,162.477,12944.91
1783508400000,162.477,162.556,162.422,162.538,13803.37
1783512000000,162.54,162.542,162.444,162.52,18369.12
1783515600000,162.519,162.566,162.484,162.539,23579.03
1783519200000,162.539,162.621,162.513,162.61,18917.87
1783522800000,162.61,162.708,162.593,162.67,20453.65
1783526400000,162.671,162.671,162.504,162.535,17119.72
1783530000000,162.534,162.552,162.418,162.526,12206.92
1783533600000,162.526,162.556,162.443,162.474,12331.51
1783537200000,162.474,162.555,162.424,162.476,11242.06
1783540800000,162.476,162.645,162.471,162.569,6250.8
1783544400000,162.568,162.6,162.46,162.54,4497.74
1783548000000,162.543,162.609,162.542,162.563,3100.2
1783551600000,162.564,162.579,162.532,162.54,4223.32
1783555200000,162.541,162.541,162.36,162.444,14630.81
1783558800000,162.444,162.573,162.413,162.447,12671.07
1783562400000,162.447,162.504,162.437,162.472,8598.03
1783566000000,162.473,162.496,162.408,162.45,6797.38
1783569600000,162.451,162.463,162.411,162.43,6774.21
1783573200000,162.43,162.436,162.342,162.37,9552.51
1783576800000,162.373,162.373,162.247,162.297,16932.32
1783580400000,162.298,162.396,162.298,162.347,15563.34
1783584000000,162.348,162.403,162.301,162.394,12299.6
1783587600000,162.395,162.45,162.381,162.401,9313.49
1783591200000,162.4,162.506,162.4,162.484,9618.95
1783594800000,162.485,162.508,162.454,162.473,11713.56
1783598400000,162.473,162.474,162.39,162.442,17175.19
1783602000000,162.443,162.452,162.296,162.336,18911.79
1783605600000,162.337,162.422,162.284,162.367,21060.94
1783609200000,162.366,162.413,162.255,162.289,19213.68
1783612800000,162.288,162.325,162.256,162.315,10934.11
1783616400000,162.316,162.328,162.272,162.286,6737.86
1783620000000,162.287,162.375,162.285,162.333,10937.52
1783623600000,162.333,162.414,162.318,162.386,10836.45
1783627200000,162.387,162.404,162.356,162.369,3744.66
1783630800000,162.368,162.394,162.339,162.36,4501.06
1783634400000,162.362,162.423,162.344,162.353,6949.88
1783638000000,162.352,162.384,162.336,162.366,4230.51
1783641600000,162.367,162.422,161.893,162.054,22033.85
1783645200000,162.053,162.104,161.634,161.736,34469.04
1783648800000,161.734,161.752,161.284,161.453,34039.01
1783652400000,161.453,161.577,161.352,161.516,15030.93
1783656000000,161.519,161.708,161.519,161.632,13309.93
1783659600000,161.632,161.665,161.474,161.581,15723.64
1783663200000,161.584,161.614,161.409,161.58,21328.65
1783666800000,161.58,161.773,161.575,161.695,20347.2
1783670400000,161.695,161.744,161.541,161.686,27968.56
1783674000000,161.686,161.859,161.639,161.827,14791.5
1783677600000,161.827,161.827,161.697,161.766,14678.53
1783681200000,161.767,161.883,161.747,161.848,23055.1
1783684800000,161.848,161.893,161.683,161.795,23136.5
1783688400000,161.795,161.859,161.722,161.765,21837.66
1783692000000,161.765,161.868,161.745,161.826,24988.31
1783695600000,161.827,161.844,161.281,161.319,30583.95
1783699200000,161.318,161.511,161.293,161.508,24311.74
1783702800000,161.509,161.653,161.492,161.645,16756.39
1783706400000,161.646,161.732,161.633,161.688,14881.75
1783710000000,161.689,161.746,161.676,161.734,11384.24
1783713600000,161.734,161.758,161.659,161.659,10248.99
1783890000000,161.677,161.802,161.645,161.759,1947.69
1783893600000,161.752,162.065,161.735,162.027,16262.28
1783897200000,162.026,162.066,161.884,161.885,14510.78
1783900800000,161.885,162.099,161.879,162.093,28090.88
1783904400000,162.096,162.171,161.956,161.976,22112.45
1783908000000,162.044,162.092,161.96,162.074,9852.01
1783911600000,162.104,162.125,162.063,162.069,10455.19
1783915200000,162.067,162.092,161.961,161.994,6985.78
1783918800000,161.994,162.335,161.94,162.266,21328.21
1783922400000,162.265,162.355,162.198,162.239,33478.21
1783926000000,162.239,162.281,161.837,162.106,28827.68
1783929600000,162.103,162.143,162.019,162.079,17531.79
1783933200000,162.079,162.101,161.979,161.996,11215.27
1783936800000,161.995,162.123,161.993,162.066,9267.99
1783940400000,162.066,162.143,162.029,162.119,17595.91
1783944000000,162.12,162.194,162.099,162.113,21003.86
1783947600000,162.111,162.23,162.073,162.223,24315.92
1783951200000,162.223,162.41,162.186,162.347,29166.84
1783954800000,162.348,162.381,162.304,162.323,14241.8
1783958400000,162.323,162.464,162.31,162.453,18427.43
1783962000000,162.45,162.467,162.425,162.461,13281.56
1783965600000,162.461,162.479,162.355,162.358,11591.11
1783969200000,162.359,162.466,162.355,162.449,7087.83
1783972800000,162.45,162.484,162.396,162.396,4784.66
1783976400000,162.339,162.463,162.336,162.422,671.7
1783980000000,162.421,162.46,162.415,162.446,3355.28
1783983600000,162.444,162.453,162.39,162.421,4524.38
1783987200000,162.42,162.468,162.232,162.382,19190.48
1783990800000,162.383,162.423,162.324,162.394,12543.34
1783994400000,162.394,162.413,162.307,162.325,7475.02
1783998000000,162.355,162.371,162.228,162.289,8218.63
1784001600000,162.289,162.338,162.261,162.32,5782.95
1784005200000,162.321,162.321,162.242,162.287,7267.68
1784008800000,162.288,162.37,162.274,162.345,18498.69
1784012400000,162.345,162.372,162.295,162.343,14017.34
1784016000000,162.343,162.385,162.052,162.275,16474.13
1784019600000,162.274,162.281,162.156,162.182,7888.79
1784023200000,162.181,162.263,162.157,162.254,5540.27
1784026800000,162.254,162.276,162.185,162.197,7888.07
1784030400000,162.198,162.233,161.601,161.946,36718.98
1784034000000,161.908,161.976,161.832,161.924,42537.34
1784037600000,161.925,162.013,161.839,161.968,31055.46
1784041200000,161.969,162.17,161.878,162.141,33089.2
1784044800000,162.141,162.199,162.107,162.113,18734.82
1784048400000,162.116,162.236,162.114,162.19,10569.37
1784052000000,162.191,162.286,162.162,162.195,11651.68
1784055600000,162.194,162.214,162.133,162.214,17007.73
1784059200000,162.213,162.268,162.205,162.234,5098.25
1784062800000,162.229,162.229,162.112,162.194,1576.83
1784066400000,162.194,162.259,162.191,162.234,5835.67
1784070000000,162.233,162.238,162.165,162.193,3902.8
1784073600000,162.193,162.237,162.076,162.098,13158.48
1784077200000,162.1,162.126,161.965,162.095,18042.96
1784080800000,162.095,162.122,162.034,162.106,8450.6
1784084400000,162.106,162.18,162.083,162.14,6144.15
1784088000000,162.141,162.228,162.134,162.21,6058.57
1784091600000,162.209,162.234,162.173,162.2,6630.87
1784095200000,162.204,162.215,162.102,162.21,11088.21
1784098800000,162.204,162.31,162.196,162.267,14357.85
1784102400000,162.267,162.349,162.246,162.297,16167.28
1784106000000,162.296,162.372,162.243,162.365,12840.97
1784109600000,162.365,162.421,162.313,162.325,8646.71
1784113200000,162.325,162.396,162.299,162.343,12444.26
1784116800000,162.343,162.392,162.14,162.165,22047.41
1784120400000,162.165,162.279,162.131,162.207,20370.09
1784124000000,162.207,162.235,162.119,162.14,21328.54
1784127600000,162.14,162.215,162.074,162.129,18682.36
1784131200000,162.129,162.199,162.119,162.163,14178.84
1784134800000,162.162,162.166,161.965,161.986,17093.79
1784138400000,161.984,162.061,161.893,162.045,15415.67
1784142000000,162.047,162.282,162.012,162.228,17770.46
1784145600000,162.227,162.231,162.177,162.177,6899.95
1784149200000,162.176,162.176,162.024,162.122,2298.13
1784152800000,162.121,162.153,162.084,162.12,4818.86
1784156400000,162.12,162.12,162.029,162.074,4766.75
1784160000000,162.074,162.153,162.053,162.095,11296.49
1784163600000,162.096,162.117,162.028,162.107,9449.23
1784167200000,162.104,162.167,162.086,162.15,5274.99
1784170800000,162.145,162.158,162.072,162.086,5391.66
1784174400000,162.087,162.14,162.08,162.095,3865.59
1784178000000,162.096,162.18,162.081,162.155,8098.81
1784181600000,162.156,162.175,162.109,162.119,15077.48
1784185200000,162.119,162.127,161.981,162.082,20227.07
1784188800000,162.082,162.178,162.064,162.145,16555.12
1784192400000,162.144,162.194,162.11,162.171,10943.76
1784196000000,162.171,162.193,162.127,162.151,10143.96
1784199600000,162.151,162.23,162.114,162.154,12160.62
1784203200000,162.155,162.3,162.152,162.295,21243.71
1784206800000,162.294,162.347,162.213,162.322,17560.63
1784210400000,162.323,162.452,162.31,162.443,18921.18
1784214000000,162.443,162.476,162.409,162.424,13621.4
1784217600000,162.425,162.545,162.417,162.477,14815.71
1784221200000,162.477,162.505,162.395,162.412,5884.03
1784224800000,162.411,162.425,162.371,162.389,9607.52
1784228400000,162.389,162.433,162.377,162.404,7126.27
1784232000000,162.404,162.406,162.354,162.38,3770.89
1784235600000,162.38,162.399,162.346,162.352,1306.71
1784239200000,162.352,162.37,162.312,162.355,2104.01
1784242800000,162.354,162.394,162.319,162.381,3224.97
1784246400000,162.379,162.455,162.358,162.42,14762.41
1784250000000,162.421,162.473,162.409,162.465,8822.5
1784253600000,162.466,162.467,162.34,162.37,6100.71
1784257200000,162.37,162.41,162.357,162.394,6866.22
1784260800000,162.395,162.431,162.369,162.416,3899.65
1784264400000,162.418,162.443,162.364,162.399,6431.69
1784268000000,162.4,162.423,162.12,162.262,20982.59
1784271600000,162.261,162.291,162.154,162.287,12741.09
1784275200000,162.29,162.422,162.261,162.388,14965.58
1784278800000,162.388,162.452,162.356,162.36,11541.29
1784282400000,162.36,162.418,162.356,162.358,10246.48
1784286000000,162.358,162.372,162.302,162.361,9190.51
1784289600000,162.36,162.418,162.3,162.409,12119.51
1784293200000,162.409,162.444,162.322,162.357,15673.8
1784296800000,162.355,162.412,162.328,162.407,15133.41
1784300400000,162.406,162.44,162.346,162.433,12700.02
1784304000000,162.434,162.519,162.43,162.43,13440.59
1784307600000,162.429,162.476,162.4,162.447,5410.67
1784311200000,162.447,162.46,162.415,162.444,7812.73
1784314800000,162.445,162.474,162.382,162.386,11618.47
1784318400000,162.385,162.442,162.341,162.341,6089.31
1784494800000,162.415,162.442,162.299,162.358,638.8
1784498400000,162.36,162.591,162.354,162.507,10300.26
1784502000000,162.507,162.545,162.48,162.519,6702.09
1784505600000,162.517,162.536,162.326,162.335,13225.85
1784509200000,162.336,162.411,162.304,162.358,12854.98
1784512800000,162.36,162.372,162.33,162.369,7577.46
1784516400000,162.363,162.379,162.352,162.368,4151.11
1784520000000,162.366,162.383,162.328,162.338,3938.99
1784523600000,162.339,162.373,162.322,162.372,8811.15
1784527200000,162.373,162.414,162.361,162.409,13284.31
1784530800000,162.409,162.452,162.313,162.362,20371.07
1784534400000,162.363,162.378,162.336,162.369,14118.74
1784538000000,162.37,162.434,162.365,162.414,9521.01
1784541600000,162.414,162.428,162.388,162.402,8709.18
1784545200000,162.402,162.427,162.195,162.346,17683.24
1784548800000,162.348,162.429,162.344,162.409,17750.89
1784552400000,162.408,162.478,162.385,162.474,11395.42
1784556000000,162.477,162.587,162.463,162.522,21767.16
1784559600000,162.521,162.582,162.521,162.569,18136.83
1784563200000,162.571,162.597,162.524,162.525,8966.32
1784566800000,162.525,162.525,162.458,162.463,9304.99
1784570400000,162.462,162.528,162.42,162.511,10567.48
1784574000000,162.502,162.518,162.46,162.518,13714.4
1784577600000,162.517,162.532,162.482,162.488,6242.7
1784581200000,162.486,162.51,162.448,162.479,2207.76
1784584800000,162.479,162.514,162.475,162.499,2666.76
1784588400000,162.5,162.506,162.485,162.485,4102.55
1784592000000,162.489,162.534,162.445,162.533,13460.22
1784595600000,162.533,162.535,162.43,162.505,13442.66
1784599200000,162.506,162.523,162.482,162.492,6723.27
1784602800000,162.506,162.514,162.451,162.485,6671.94
1784606400000,162.485,162.498,162.471,162.486,6122.54
1784610000000,162.486,162.527,162.469,162.505,8312.79
1784613600000,162.508,162.557,162.485,162.528,12326.58
1784617200000,162.527,162.617,162.522,162.598,14095.89
1784620800000,162.598,162.699,162.585,162.685,13736.07
1784624400000,162.685,162.695,162.605,162.671,10206.24
1784628000000,162.672,162.698,162.639,162.666,12117.28
1784631600000,162.664,162.75,162.659,162.732,10803.95
1784635200000,162.731,162.8,162.694,162.724,15207.57
1784638800000,162.723,162.894,162.723,162.868,21518.38
1784642400000,162.867,163.039,162.855,163.016,29603.97
1784646000000,163.017,163.037,162.913,163.016,17579.83
1784649600000,163.015,163.029,162.959,163.006,7000.61
1784653200000,163.007,163.029,162.978,163.028,7524.33
1784656800000,163.029,163.236,163.028,163.188,14278.24
1784660400000,163.188,163.22,163.162,163.206,9693.08
1784664000000,163.204,163.239,163.161,163.161,6891.29
1784667600000,163.158,163.179,163.13,163.152,1143.42
1784671200000,163.157,163.209,163.154,163.205,3905.8
1784674800000,163.205,163.226,163.185,163.188,2956.65
1784678400000,163.187,163.205,163.028,163.135,20631.08
1784682000000,163.133,163.202,163.103,163.149,11002.08
1784685600000,163.147,163.177,163.071,163.118,9790.87
1784689200000,163.121,163.166,163.113,163.157,5370.29
1784692800000,163.159,163.195,163.151,163.173,4726.65
1784696400000,163.172,163.187,163.083,163.086,4017.0
1784700000000,163.09,163.144,163.051,163.091,13051.56
1784703600000,163.092,163.136,162.674,162.944,20625.3
1784707200000,162.944,163.112,162.909,162.958,21504.11
1784710800000,162.958,163.051,162.944,163.033,16758.3
1784714400000,163.034,163.078,163.004,163.021,12412.28
1784718000000,163.021,163.079,162.992,163.073,10142.9
1784721600000,163.073,163.136,163.039,163.104,15875.63
1784725200000,163.106,163.109,163.013,163.058,21921.32
1784728800000,163.058,163.118,163.041,163.115,25259.7
1784732400000,163.114,163.131,163.07,163.078,16019.34
1784736000000,163.079,163.125,163.064,163.112,12276.27
1784739600000,163.112,163.177,163.105,163.156,7401.25
1784743200000,163.155,163.173,163.107,163.128,14694.38
1784746800000,163.127,163.16,163.115,163.148,9153.26
1784750400000,163.148,163.164,163.134,163.136,11279.91
1784754000000,163.134,163.16,163.077,163.12,595.73
1784757600000,163.12,163.149,163.078,163.112,2460.83
1784761200000,163.112,163.123,163.086,163.086,3548.55
1784764800000,163.088,163.138,163.044,163.057,10617.74
1784768400000,163.056,163.085,162.994,163.063,12351.23
1784772000000,163.062,163.097,163.044,163.068,7962.0
1784775600000,163.067,163.085,163.029,163.043,5447.06
1784779200000,163.044,163.082,163.029,163.072,4976.43
1784782800000,163.071,163.109,163.066,163.108,7174.31
1784786400000,163.108,163.117,163.068,163.108,11607.49
1784790000000,163.11,163.425,163.11,163.315,22795.48
1784793600000,163.316,163.44,163.284,163.336,19674.51
1784797200000,163.338,163.397,163.29,163.369,15227.23
1784800800000,163.371,163.383,163.347,163.374,13035.09
1784804400000,163.375,163.647,163.309,163.489,21650.44
1784808000000,163.491,163.756,163.457,163.673,24435.89
1784811600000,163.675,163.964,163.664,163.962,32110.55
1784815200000,163.962,163.989,163.873,163.921,18563.66
1784818800000,163.922,163.953,163.774,163.803,16758.47
1784822400000,163.803,163.834,163.721,163.768,10919.42
1784826000000,163.769,163.844,163.717,163.84,8229.2
1784829600000,163.842,163.846,163.777,163.803,5948.27
1784833200000,163.802,163.857,163.77,163.822,10497.38
1784836800000,163.823,163.876,163.801,163.84,3078.43
1784840400000,163.838,163.858,163.762,163.785,1187.25
1784844000000,163.785,163.85,163.78,163.846,2017.48
1784847600000,163.845,163.868,163.805,163.84,2383.57
1784851200000,163.843,163.936,163.796,163.814,13406.95
1784854800000,163.845,163.86,163.722,163.775,19144.81
1784858400000,163.776,163.806,163.728,163.776,10036.96
1784862000000,163.777,163.867,163.771,163.801,5248.4
1784865600000,163.802,163.846,163.782,163.827,7510.08
1784869200000,163.828,163.846,163.796,163.838,6883.9
1784872800000,163.84,163.847,163.763,163.763,13948.62
1784876400000,163.764,163.802,163.651,163.765,13038.72
1784880000000,163.765,163.811,163.722,163.729,12145.51
1784883600000,163.73,163.765,163.684,163.687,12000.65
1784887200000,163.687,163.806,163.675,163.791,6273.51
1784890800000,163.792,163.839,163.76,163.806,14345.78
1784894400000,163.806,163.863,163.799,163.851,16740.16
1784898000000,163.85,163.879,163.779,163.781,16627.84
1784901600000,163.779,163.834,163.696,163.755,17299.44
1784905200000,163.756,163.773,163.643,163.71,20629.26
1784908800000,163.709,163.782,163.703,163.78,9637.8
1784912400000,163.786,163.837,163.784,163.812,4233.69
1784916000000,163.813,163.855,163.799,163.841,5857.64
1784919600000,163.824,163.854,163.809,163.852,6404.19
1784923200000,163.852,163.866,163.793,163.793,4022.46
1785099600000,163.5,163.666,163.497,163.63,1259.75
1785103200000,163.62,163.708,163.557,163.694,9240.45
1785106800000,163.695,163.697,163.608,163.62,2991.72
1785110400000,163.621,163.652,163.521,163.632,15814.94
1785114000000,163.632,163.636,163.477,163.477,7294.05
1785117600000,163.478,163.581,163.456,163.575,6623.51
1785121200000,163.576,163.614,163.553,163.575,3590.65
1785124800000,163.577,163.598,163.549,163.579,2920.59
1785128400000,163.579,163.606,163.558,163.589,3368.23
1785132000000,163.587,163.603,163.511,163.515,9456.02
1785135600000,163.52,163.536,163.329,163.526,12723.26
1785139200000,163.526,163.557,163.491,163.519,9889.51
1785142800000,163.519,163.604,163.496,163.535,13220.68
1785146400000,163.537,163.6,163.531,163.592,7782.4
1785150000000,163.591,163.65,163.581,163.647,9616.37
1785153600000,163.647,163.705,163.627,163.691,10360.66
1785157200000,163.692,163.759,163.654,163.748,14215.38
1785160800000,163.75,163.768,163.696,163.707,13409.58
1785164400000,163.709,163.724,163.656,163.713,14796.47
1785168000000,163.713,163.714,163.586,163.653,13383.94
1785171600000,163.653,163.735,163.652,163.727,8279.42
1785175200000,163.726,163.796,163.694,163.78,9212.43
1785178800000,163.781,163.781,163.698,163.738,9464.36
1785182400000,163.738,163.771,163.726,163.728,2362.62
1785186000000,163.735,163.735,163.654,163.719,1631.07
1785189600000,163.719,163.759,163.713,163.744,3769.28
1785193200000,163.745,163.786,163.72,163.776,2612.62
1785196800000,163.777,163.841,163.738,163.746,10533.62
1785200400000,163.746,163.791,163.715,163.767,9975.76
1785204000000,163.766,163.791,163.675,163.712,6605.35
1785207600000,163.711,163.769,163.701,163.763,6780.01
1785211200000,163.765,163.778,163.745,163.75,5390.98
1785214800000,163.749,163.772,163.721,163.74,5986.45
1785218400000,163.739,163.742,163.669,163.709,14225.18
1785222000000,163.711,163.794,163.71,163.783,11904.66
1785225600000,163.784,163.853,163.759,163.824,8184.59
1785229200000,163.822,163.889,163.809,163.878,7654.83
1785232800000,163.878,163.948,163.866,163.936,10150.1
1785236400000,163.937,163.938,163.908,163.931,9011.2
1785240000000,163.931,163.933,163.846,163.877,9017.71
1785243600000,163.879,163.884,163.818,163.83,14338.07
1785247200000,163.83,163.883,163.826,163.865,12647.8
1785250800000,163.865,163.866,163.649,163.649,20144.85
1785254400000,163.649,163.747,163.644,163.744,9045.48
1785258000000,163.744,163.814,163.717,163.805,6119.61
1785261600000,163.803,163.86,163.77,163.859,3424.03
1785265200000,163.861,163.87,163.825,163.855,5149.25
1785268800000,163.854,163.887,163.792,163.792,2988.3
1785272400000,163.792,163.841,163.706,163.805,1789.41
1785276000000,163.804,163.884,163.804,163.851,6164.38
1785279600000,163.851,163.871,163.844,163.867,3119.3
1785283200000,163.866,163.881,163.674,163.705,11942.76
1785286800000,163.706,163.778,163.682,163.721,7784.16
1785290400000,163.723,163.749,163.657,163.718,6313.35
1785294000000,163.72,163.722,163.563,163.625,6162.51
1785297600000,163.624,163.624,163.277,163.425,14730.31
1785301200000,163.424,163.495,163.343,163.493,12353.78
1785304800000,163.492,163.58,163.453,163.529,16119.27
1785308400000,163.53,163.692,163.496,163.681,14377.84
1785312000000,163.682,163.693,163.555,163.585,12819.7
1785315600000,163.584,163.617,163.505,163.609,14374.15
1785319200000,163.61,163.694,163.604,163.66,8858.31
1785322800000,163.659,163.687,163.638,163.646,11018.51
1785326400000,163.644,163.82,163.634,163.798,16134.91
1785330000000,163.798,163.812,163.728,163.752,14131.95
1785333600000,163.752,163.886,163.738,163.886,11057.64
1785337200000,163.887,163.888,163.83,163.86,7186.43
1785340800000,163.86,163.905,163.857,163.894,7989.0
1785344400000,163.895,163.896,163.768,163.784,13677.66
1785348000000,163.784,163.848,163.315,163.318,44862.2
1785351600000,163.318,163.519,163.23,163.511,48155.87
1785355200000,163.513,163.568,163.383,163.384,12369.1
1785358800000,163.383,163.417,163.311,163.393,5930.13
1785362400000,163.417,163.45,163.382,163.386,5265.9
1785366000000,163.384,163.386,163.272,163.307,9004.29
1785369600000,163.307,163.514,163.209,163.492,22215.97
1785373200000,163.491,163.532,163.414,163.5,12801.25
1785376800000,163.502,163.504,163.451,163.487,6705.72
1785380400000,163.488,163.552,163.486,163.5,7224.0
1785384000000,163.5,163.523,163.463,163.491,6550.58
1785387600000,163.49,163.548,163.457,163.537,10779.01
1785391200000,163.538,163.644,163.534,163.641,12721.74
1785394800000,163.639,163.738,163.56,163.731,20171.6
1785398400000,163.729,163.735,163.604,163.651,14116.74
1785402000000,163.649,163.65,163.282,163.306,17862.18
1785405600000,163.306,163.314,162.277,162.824,35379.23
1785409200000,162.823,163.043,162.717,162.89,18374.62
1785412800000,162.891,162.956,162.684,162.954,19800.33
1785416400000,162.956,162.959,159.737,159.745,57425.8
1785420000000,159.741,159.956,157.963,159.282,83057.33
1785423600000,159.283,159.607,158.902,159.471,41635.36
1785427200000,159.472,159.688,159.371,159.572,30744.42
1785430800000,159.571,159.846,158.513,158.997,33048.81
1785434400000,158.996,159.098,158.844,158.893,23754.28
1785438000000,158.893,159.43,158.893,159.346,21381.37
1785441600000,159.347,159.609,159.338,159.514,11726.49
1785445200000,159.515,159.675,159.396,159.649,995.25
1785448800000,159.648,159.783,159.377,159.656,17574.47
1785452400000,159.655,160.204,159.575,160.186,20454.54
1785456000000,160.184,160.688,160.144,160.539,38228.99
1785459600000,160.538,160.745,160.34,160.736,27513.24
1785463200000,160.735,160.735,160.435,160.506,21007.1
1785466800000,160.506,160.88,160.47,160.611,23605.81
1785470400000,160.614,160.809,160.565,160.682,17354.84
1785474000000,160.681,160.746,160.539,160.599,22318.52
1785477600000,160.599,160.608,159.936,160.291,45800.57
1785481200000,160.291,160.644,160.205,160.207,33833.78
1785484800000,160.206,160.51,158.54,158.927,40714.42
1785488400000,158.929,160.087,158.556,159.998,47012.64
1785492000000,159.998,160.139,159.859,159.991,22826.06
1785495600000,159.992,160.258,159.989,160.211,17355.62
1785499200000,160.214,160.452,160.166,160.372,22264.06
1785502800000,160.372,160.537,159.136,159.495,47803.65
1785506400000,159.499,159.554,158.906,159.24,53652.28
1785510000000,159.241,159.423,158.856,159.168,33873.19
1785513600000,159.169,159.369,159.125,159.367,22810.67
1785517200000,159.367,159.506,158.156,158.504,41743.28
1785520800000,158.501,159.129,158.315,158.897,21771.94
1785524400000,158.897,159.237,158.867,159.173,11043.88
1785528000000,159.173,159.198,157.2,157.391,43168.97
1785704400000,157.148,157.574,157.13,157.502,2263.3
1785708000000,157.499,157.542,156.996,157.309,35232.86
1785711600000,157.31,157.873,157.07,157.584,30850.98
1785715200000,157.584,157.883,155.225,156.121,47147.74
1785718800000,156.121,156.451,155.436,156.359,36099.69
1785722400000,156.358,156.628,156.214,156.484,18791.55
1785726000000,156.481,156.643,156.301,156.521,15964.47
1785729600000,156.52,156.546,156.371,156.461,13368.34
1785733200000,156.46,156.507,156.367,156.396,10879.68
1785736800000,156.395,156.852,156.323,156.773,22662.37
1785740400000,156.775,156.801,156.482,156.777,24460.4
1785744000000,156.778,156.984,156.564,156.984,22674.37
1785747600000,156.985,157.136,156.861,157.091,16721.73
1785751200000,157.093,157.093,156.673,156.825,18978.65
1785754800000,156.825,156.993,156.567,156.664,19683.96
1785758400000,156.663,156.895,156.578,156.821,21750.98
1785762000000,156.822,156.86,156.302,156.462,35077.03
1785765600000,156.47,156.747,156.237,156.56,29343.78
1785769200000,156.559,157.034,156.555,156.969,25399.42
1785772800000,156.969,156.973,156.592,156.89,21570.79
1785776400000,156.89,157.037,156.882,157.022,12591.02
1785780000000,157.022,157.082,156.676,156.779,23782.55
1785783600000,156.781,156.965,156.752,156.952,13254.27
1785787200000,156.952,157.223,156.894,157.169,10852.22
1785790800000,157.169,157.203,157.15,157.199,1111.08
1785794400000,157.201,157.438,157.183,157.355,5347.75
1785798000000,157.353,157.669,157.258,157.539,8380.59
1785801600000,157.54,157.547,157.224,157.498,23299.45
1785805200000,157.498,157.617,157.392,157.611,19384.18
1785808800000,157.612,157.745,157.591,157.716,17182.12
1785812400000,157.716,157.718,157.43,157.652,13618.38
1785816000000,157.653,157.672,157.474,157.545,9572.81
1785819600000,157.546,157.74,157.501,157.71,8461.16
1785823200000,157.71,157.769,157.557,157.683,17588.41
1785826800000,157.684,157.839,157.611,157.812,16056.19
1785830400000,157.812,157.821,157.726,157.802,13477.65
1785834000000,157.8,157.957,157.794,157.911,14605.73
1785837600000,157.909,157.956,157.754,157.821,18170.16
1785841200000,157.821,157.854,157.353,157.464,24989.81
1785844800000,157.464,157.592,157.303,157.527,24764.38
1785848400000,157.528,157.57,157.213,157.43,27001.8
1785852000000,157.43,157.634,157.296,157.555,23555.61
1785855600000,157.556,157.619,157.379,157.44,17707.27
1785859200000,157.439,157.633,157.432,157.577,9691.16
1785862800000,157.577,157.645,157.526,157.605,8738.52
1785866400000,157.607,157.699,157.601,157.65,12802.1
1785870000000,157.65,157.834,157.636,157.767,14222.7
1785873600000,157.767,157.781,157.678,157.704,6540.83
1785877200000,157.701,157.801,157.701,157.727,6659.22
1785880800000,157.722,157.764,157.685,157.729,2570.37
1785884400000,157.728,157.807,157.657,157.705,4137.94
1785888000000,157.705,157.756,157.449,157.557,17794.9
1785891600000,157.557,157.68,157.511,157.642,15407.63
1785895200000,157.641,157.698,157.305,157.454,19818.82
1785898800000,157.456,157.531,157.357,157.424,13101.03
1785902400000,157.423,157.681,157.371,157.651,11217.79
1785906000000,157.653,157.707,157.588,157.639,11080.75
1785909600000,157.639,157.768,157.577,157.617,18887.32
1785913200000,157.616,157.74,157.523,157.716,16519.14
1785916800000,157.718,157.874,157.703,157.82,14388.73
1785920400000,157.819,157.865,157.693,157.752,11315.79
1785924000000,157.751,157.812,157.694,157.702,10150.71
1785927600000,157.703,157.703,157.486,157.56,15778.77
1785931200000,157.561,157.635,157.416,157.629,19104.08
1785934800000,157.63,157.647,157.422,157.544,27475.5
1785938400000,157.545,157.606,157.311,157.498,26528.7
1785942000000,157.497,157.666,157.411,157.661,19173.97
1785945600000,157.66,157.754,157.603,157.744,14287.25
1785949200000,157.744,157.802,157.657,157.686,9551.2
1785952800000,157.686,157.708,157.621,157.673,13579.45
1785956400000,157.674,157.749,157.65,157.723,7704.7
1785960000000,157.722,157.817,157.694,157.737,6849.39
1785963600000,157.735,157.754,157.656,157.701,5315.95
1785967200000,157.704,157.718,157.661,157.672,3331.4
1785970800000,157.671,157.672,157.558,157.61,2882.37
1785974400000,157.608,157.758,157.608,157.727,15420.14
1785978000000,157.727,157.748,157.596,157.663,10295.26
1785981600000,157.642,157.683,157.589,157.67,8076.35
1785985200000,157.67,157.745,157.67,157.735,6221.5
1785988800000,157.734,157.749,157.707,157.739,3345.49
1785992400000,157.74,157.772,157.71,157.751,4602.04
1785996000000,157.751,157.85,157.725,157.827,13673.78
1785999600000,157.827,157.894,157.75,157.862,12293.8
1786003200000,157.863,157.881,157.794,157.839,8695.92
1786006800000,157.839,157.879,157.821,157.87,8353.01
1786010400000,157.869,157.89,157.834,157.873,6107.89
1786014000000,157.872,157.937,157.853,157.855,9012.44
1786017600000,157.855,157.925,157.821,157.902,10174.15
1786021200000,157.902,157.944,157.82,157.868,10290.09
1786024800000,157.868,158.283,157.864,158.205,31415.36
1786028400000,158.205,158.463,158.201,158.449,21908.6
1786032000000,158.449,158.553,158.222,158.508,14789.91
1786035600000,158.51,158.51,158.392,158.402,9301.47
1786039200000,158.402,158.418,158.325,158.329,10757.07
1786042800000,158.33,158.48,158.293,158.402,10044.37
1786046400000,158.403,158.506,158.396,158.399,4619.23
1786050000000,158.399,158.47,158.371,158.453,2067.22
1786053600000,158.453,158.504,158.437,158.465,3018.53
1786057200000,158.466,158.467,158.376,158.423,2649.3
1786060800000,158.423,158.573,158.419,158.527,14738.8
1786064400000,158.531,158.535,158.216,158.329,13086.93
1786068000000,158.328,158.385,158.309,158.373,5693.02
1786071600000,158.375,158.447,158.365,158.405,6472.99
1786075200000,158.404,158.427,158.374,158.377,6915.07
1786078800000,158.376,158.393,158.322,158.333,7288.87
1786082400000,158.331,158.37,158.288,158.363,14440.21
1786086000000,158.364,158.455,158.324,158.406,10787.72
1786089600000,158.406,158.477,158.343,158.375,9241.6
1786093200000,158.374,158.395,158.321,158.356,7361.99
1786096800000,158.355,158.415,158.247,158.306,10771.81
1786100400000,158.305,158.373,158.263,158.33,9732.46
1786104000000,158.33,158.397,156.669,157.387,39720.35
1786107600000,157.386,157.76,157.242,157.739,37932.71
1786111200000,157.738,157.951,157.67,157.926,36492.84
1786114800000,157.927,157.988,157.442,157.548,41984.5
1786118400000,157.55,157.55,157.305,157.45,30378.63
1786122000000,157.45,157.499,157.371,157.489,12477.68
1786125600000,157.488,157.623,157.483,157.536,15306.36
1786129200000,157.535,157.62,157.452,157.561,20678.86
1786132800000,157.56,157.867,157.538,157.761,9933.1
1786309200000,157.682,157.705,157.524,157.688,339.85
1786312800000,157.686,157.949,157.686,157.926,4336.47
1786316400000,157.929,157.931,157.827,157.907,8982.04
1786320000000,157.907,157.967,157.839,157.948,16611.08
1786323600000,157.946,158.315,157.927,158.272,21688.87
1786327200000,158.272,158.3,158.22,158.227,8009.84
1786330800000,158.209,158.232,158.153,158.199,7824.13
1786334400000,158.199,158.341,158.199,158.335,6316.4
1786338000000,158.336,158.385,158.297,158.339,8004.38
1786341600000,158.339,158.457,158.339,158.378,13135.73
1786345200000,158.383,158.522,158.38,158.485,20470.44
1786348800000,158.489,158.685,158.435,158.662,19789.22
1786352400000,158.663,158.857,158.647,158.849,15230.66
1786356000000,158.85,158.89,158.732,158.787,18777.8
1786359600000,158.788,158.875,158.74,158.816,18934.07
1786363200000,158.816,158.947,158.421,158.942,19027.51
1786366800000,158.941,159.064,158.861,159.015,25640.45
1786370400000,159.013,159.018,158.861,158.935,27772.61
1786374000000,158.937,159.006,158.856,158.902,19978.56
1786377600000,158.901,159.045,158.894,159.033,13975.77
1786381200000,159.033,159.162,159.026,159.137,12151.78
1786384800000,159.136,159.356,159.087,159.237,12458.11
1786388400000,159.239,159.363,159.223,159.302,12185.95
1786392000000,159.302,159.343,159.284,159.286,4152.68
1786395600000,159.286,159.286,159.095,159.23,2602.68
1786399200000,159.202,159.309,159.201,159.249,3773.37
1786402800000,159.247,159.287,159.129,159.157,6759.17
1786406400000,159.158,159.195,158.924,159.145,19930.19
1786410000000,159.15,159.181,159.07,159.171,10610.21
1786413600000,159.171,159.31,159.161,159.264,11729.72
1786417200000,159.263,159.264,159.144,159.204,9970.24
1786420800000,159.204,159.252,159.16,159.19,8146.38
1786424400000,159.189,159.229,159.152,159.206,8079.07
1786428000000,159.207,159.242,159.18,159.207,17152.15
1786431600000,159.206,159.375,159.203,159.361,14067.22
1786435200000,159.362,159.37,159.283,159.356,11484.61
1786438800000,159.357,159.389,159.271,159.282,9652.95
1786442400000,159.281,159.331,159.192,159.228,11822.46
1786446000000,159.229,159.252,159.058,159.25,22763.32
1786449600000,159.252,159.362,159.191,159.27,18592.89
1786453200000,159.269,159.269,159.172,159.232,16652.69
1786456800000,159.232,159.293,159.198,159.233,10870.86
1786460400000,159.234,159.326,159.201,159.252,17167.22
1786464000000,159.251,159.268,159.211,159.268,11028.03
1786467600000,159.268,159.35,159.262,159.311,7723.56
1786471200000,159.312,159.344,159.259,159.265,5710.32
1786474800000,159.264,159.305,159.252,159.284,4984.25
1786478400000,159.285,159.363,159.256,159.272,3548.78
1786482000000,159.269,159.282,159.18,159.266,2471.58
1786485600000,159.269,159.301,159.259,159.271,2053.05
1786489200000,159.271,159.296,159.262,159.273,1649.7
1786492800000,159.274,159.366,159.198,159.341,10049.88
1786496400000,159.341,159.373,159.297,159.334,8457.18
1786500000000,159.335,159.429,159.332,159.398,10536.51
1786503600000,159.399,159.459,159.398,159.426,3148.69
1786507200000,159.425,159.46,159.367,159.413,4210.33
1786510800000,159.412,159.436,159.311,159.408,5584.44
1786514400000,159.407,159.425,159.346,159.38,11127.91
1786518000000,159.381,159.396,159.333,159.372,8098.19
1786521600000,159.372,159.373,159.285,159.316,10994.75
1786525200000,159.316,159.335,158.575,159.156,27221.5
1786528800000,159.155,159.22,159.097,159.181,16012.27
1786532400000,159.179,159.181,159.055,159.099,12478.14
1786536000000,159.099,159.187,158.655,158.805,43684.11
1786539600000,158.805,159.039,158.691,159.021,46229.7
1786543200000,159.021,159.242,158.995,159.202,28444.63
1786546800000,159.204,159.289,159.188,159.229,16321.16
1786550400000,159.23,159.409,159.203,159.387,11772.27
1786554000000,159.387,159.526,159.356,159.498,11181.06
1786557600000,159.497,159.544,159.43,159.495,10486.4
1786561200000,159.495,159.515,159.455,159.493,8162.17
1786564800000,159.493,159.505,159.398,159.412,4262.43
1786568400000,159.411,159.423,159.388,159.407,3242.64
1786572000000,159.407,159.45,159.384,159.387,3325.92
1786575600000,159.386,159.386,159.319,159.334,5210.13
1786579200000,159.335,159.382,159.242,159.319,17785.26
1786582800000,159.319,159.364,159.279,159.349,10656.96
1786586400000,159.35,159.48,159.339,159.432,6754.98
1786590000000,159.433,159.487,159.407,159.428,5562.03
1786593600000,159.428,159.474,159.18,159.251,9565.61
1786597200000,159.25,159.37,159.228,159.281,9786.21
1786600800000,159.281,159.445,159.259,159.385,13806.25
1786604400000,159.386,159.411,159.319,159.363,10165.46
1786608000000,159.364,159.411,159.342,159.404,7769.11
1786611600000,159.405,159.435,159.323,159.34,7208.3
1786615200000,159.338,159.366,159.316,159.344,7526.59
1786618800000,159.344,159.351,159.262,159.334,8413.83
1786622400000,159.336,159.412,159.172,159.174,18745.83
1786626000000,159.175,159.337,159.15,159.267,19632.28
1786629600000,159.265,159.327,159.022,159.166,32805.72
1786633200000,159.167,159.386,159.159,159.353,21214.0
1786636800000,159.354,159.495,159.341,159.481,14727.57
1786640400000,159.48,159.565,159.47,159.519,10782.15
1786644000000,159.52,159.542,159.437,159.509,9824.41
1786647600000,159.508,159.541,159.489,159.519,10919.89
1786651200000,159.519,159.564,159.478,159.482,3730.7
1786654800000,159.481,159.522,159.422,159.484,5715.93
1786658400000,159.486,159.519,159.461,159.466,4070.28
1786662000000,159.467,159.48,159.429,159.432,3606.6
1786665600000,159.433,159.503,159.349,159.373,15178.82
1786669200000,159.373,159.455,159.353,159.446,11767.11
1786672800000,159.446,159.448,159.376,159.41,5079.96
1786676400000,159.4,159.42,159.328,159.382,6305.13
1786680000000,159.383,159.386,159.336,159.352,4398.49
1786683600000,159.353,159.354,159.141,159.261,9659.09
1786687200000,159.263,159.284,159.146,159.243,19789.32
1786690800000,159.242,159.311,159.202,159.204,15748.61
1786694400000,159.205,159.226,159.062,159.178,17883.8
1786698000000,159.177,159.195,159.111,159.142,13070.91
1786701600000,159.142,159.193,159.088,159.179,10625.55
1786705200000,159.179,159.192,159.039,159.11,18899.19
1786708800000,159.11,159.113,158.601,158.919,38936.08
1786712400000,158.92,159.092,158.795,158.945,36928.04
1786716000000,158.944,159.062,158.899,159.028,31036.21
1786719600000,159.028,159.216,158.949,159.216,24117.62
1786723200000,159.217,159.373,159.203,159.365,17417.21
1786726800000,159.366,159.4,159.345,159.362,12257.51
1786730400000,159.363,159.391,159.345,159.379,8007.63
1786734000000,159.38,159.397,159.361,159.361,11472.16
1786737600000,159.362,159.367,159.283,159.305,5281.09
1786914000000,159.253,159.357,159.241,159.308,242.1
1786917600000,159.307,159.398,159.142,159.146,9305.18
1786921200000,159.146,159.247,159.138,159.225,8988.92
1786924800000,159.224,159.247,159.004,159.017,21495.0
1786928400000,159.017,159.103,158.987,159.059,14401.15
1786932000000,159.057,159.068,158.952,159.04,11588.16
1786935600000,159.041,159.146,159.041,159.093,7963.62
1786939200000,159.093,159.128,159.05,159.119,6416.23
1786942800000,159.12,159.122,158.978,159.086,12010.97
1786946400000,159.087,159.108,158.937,158.961,19069.82
1786950000000,158.96,159.0,158.846,158.953,22461.84
1786953600000,158.953,159.15,158.931,159.128,15722.35
1786957200000,159.127,159.184,159.069,159.168,10728.45
1786960800000,159.169,159.205,159.102,159.189,11643.47
1786964400000,159.19,159.282,159.16,159.241,13098.37
1786968000000,159.24,159.287,159.196,159.246,15189.07
1786971600000,159.246,159.383,159.218,159.264,14856.56
1786975200000,159.265,159.309,159.186,159.289,15943.3
1786978800000,159.288,159.403,159.28,159.344,13902.67
1786982400000,159.344,159.394,159.332,159.362,8374.5
1786986000000,159.364,159.505,159.355,159.49,8482.04
1786989600000,159.49,159.596,159.485,159.593,13194.0
1786993200000,159.593,159.594,159.41,159.461,10073.34
1786996800000,159.462,159.511,159.443,159.446,3620.1
1787000400000,159.422,159.461,159.153,159.391,1604.23
1787004000000,159.392,159.473,159.381,159.411,3401.06
1787007600000,159.411,159.421,159.315,159.331,3985.65
1787011200000,159.33,159.521,159.309,159.429,12916.14
1787014800000,159.429,159.51,159.395,159.504,10954.71
1787018400000,159.503,159.542,159.454,159.456,8033.67
1787022000000,159.458,159.568,159.458,159.553,7882.56
1787025600000,159.554,159.748,159.551,159.695,13778.89
1787029200000,159.696,159.731,159.622,159.66,10552.64
1787032800000,159.664,159.778,159.648,159.719,16875.88
1787036400000,159.719,159.761,159.677,159.721,16522.09
1787040000000,159.722,159.741,159.633,159.671,11985.66
1787043600000,159.672,159.693,159.585,159.611,12123.47
1787047200000,159.611,159.715,159.602,159.704,9188.68
1787050800000,159.706,159.743,159.692,159.698,9991.37
1787054400000,159.698,159.72,159.637,159.667,12828.39
1787058000000,159.666,159.722,159.565,159.578,20303.66
1787061600000,159.577,159.579,159.428,159.554,27881.34
1787065200000,159.553,159.643,159.494,159.595,16466.41
1787068800000,159.594,159.637,159.541,159.573,12620.65
1787072400000,159.574,159.638,159.563,159.6,9802.47
1787076000000,159.601,159.631,159.564,159.603,9137.33
1787079600000,159.603,159.649,159.576,159.643,10510.21
1787083200000,159.643,159.674,159.594,159.603,4035.19
1787086800000,159.605,159.625,159.507,159.58,1339.5
1787090400000,159.581,159.642,159.575,159.592,5079.61
1787094000000,159.591,159.606,159.539,159.555,6303.04
1787097600000,159.555,159.555,159.391,159.459,18235.56
1787101200000,159.459,159.524,159.441,159.452,10926.69
1787104800000,159.452,159.471,159.291,159.361,13260.66
1787108400000,159.363,159.442,159.339,159.423,5271.87
1787112000000,159.422,159.424,159.24,159.33,7709.43
1787115600000,159.331,159.332,159.209,159.295,9615.81
1787119200000,159.296,159.297,159.117,159.244,21501.11
1787122800000,159.239,159.281,159.126,159.169,16774.86
1787126400000,159.168,159.182,159.054,159.168,19638.74
1787130000000,159.169,159.265,159.069,159.09,17399.44
1787133600000,159.091,159.111,158.998,159.098,14155.02
1787137200000,159.098,159.186,159.087,159.141,15692.62
1787140800000,159.142,159.154,158.163,158.595,44001.43
1787144400000,158.596,158.598,158.32,158.438,59114.17
1787148000000,158.439,158.467,158.044,158.348,53500.77
1787151600000,158.349,158.522,158.349,158.457,39219.21
1787155200000,158.456,158.5,158.316,158.386,26348.17
1787158800000,158.388,158.614,158.325,158.592,20292.65
1787162400000,158.593,158.593,158.263,158.318,27820.27
1787166000000,158.321,158.367,158.097,158.146,24098.73
1787169600000,158.147,158.223,158.092,158.167,6961.67
1787173200000,158.163,158.163,158.063,158.108,2311.1
1787176800000,158.12,158.195,158.026,158.192,8641.37
1787180400000,158.193,158.279,158.181,158.26,12012.12
1787184000000,158.26,158.436,158.162,158.403,25253.65
1787187600000,158.404,158.565,158.327,158.531,27961.35
1787191200000,158.531,158.534,158.303,158.442,18333.75
1787194800000,158.441,158.49,158.374,158.434,10470.9
1787198400000,158.433,158.635,158.416,158.572,7092.46
1787202000000,158.571,158.729,158.533,158.635,17140.93
1787205600000,158.635,158.658,158.357,158.364,23223.04
1787209200000,158.364,158.546,158.326,158.441,23004.51
1787212800000,158.442,158.534,158.374,158.494,20902.76
1787216400000,158.493,158.495,158.2,158.34,26335.81
1787220000000,158.341,158.521,158.238,158.472,20805.4
1787223600000,158.473,158.711,158.473,158.66,29058.18
1787227200000,158.659,158.799,158.598,158.641,29148.76
1787230800000,158.641,158.835,158.54,158.826,33134.11
1787234400000,158.826,158.892,158.709,158.726,32607.17
1787238000000,158.725,158.974,158.497,158.852,38632.8
1787241600000,158.852,159.097,158.839,158.997,23299.2
1787245200000,158.997,159.1,158.969,159.052,12505.55
1787248800000,159.051,159.174,159.035,159.14,11705.71
1787252400000,159.141,159.182,159.104,159.117,13841.53
1787256000000,159.116,159.141,159.038,159.038,4680.68
1787259600000,159.034,159.075,158.933,159.042,4918.67
1787263200000,159.042,159.07,158.944,158.958,6933.1
1787266800000,158.956,158.956,158.87,158.895,7576.2
1787270400000,158.895,159.126,158.869,159.095,20861.14
1787274000000,159.093,159.132,158.908,158.948,19568.8
1787277600000,158.945,159.022,158.877,158.968,12444.66
1787281200000,158.969,159.086,158.938,158.999,9225.27
1787284800000,159.0,159.063,158.952,159.003,8483.8
1787288400000,159.005,159.031,158.813,158.835,13349.76
1787292000000,158.834,158.986,158.791,158.892,18594.57
1787295600000,158.893,158.932,158.735,158.821,25444.56
1787299200000,158.822,158.871,158.512,158.528,26151.78
1787302800000,158.527,158.607,158.354,158.602,27059.75
1787306400000,158.602,158.733,158.523,158.701,15942.27
1787310000000,158.701,158.768,158.553,158.688,29387.03
1787313600000,158.689,158.844,158.623,158.752,25527.34
1787317200000,158.752,158.894,158.721,158.775,25419.15
1787320800000,158.775,159.008,158.768,158.955,28759.39
1787324400000,158.957,159.039,158.901,158.915,21595.81
1787328000000,158.917,158.981,158.829,158.964,16502.48
1787331600000,158.965,159.042,158.962,159.016,9287.21
1787335200000,159.014,159.051,158.983,159.02,9694.83
1787338800000,159.02,159.042,158.961,159.0,9428.29
1787342400000,159.0,159.015,158.94,158.94,6412.11
1787518800000,158.976,158.976,158.438,158.812,1225.44
1787522400000,158.81,158.964,158.81,158.96,7376.55
1787526000000,158.961,159.0,158.871,158.876,9067.6
1787529600000,158.876,158.885,158.703,158.727,22254.47
1787533200000,158.728,158.947,158.717,158.841,15439.31
1787536800000,158.841,158.916,158.81,158.878,8868.79
1787540400000,158.879,158.971,158.879,158.932,5928.84
1787544000000,158.93,158.961,158.812,158.859,12640.93
1787547600000,158.858,158.974,158.856,158.904,10209.19
1787551200000,158.905,159.031,158.859,159.031,17512.88
1787554800000,159.03,159.186,158.984,159.162,22117.56
1787558400000,159.161,159.281,159.147,159.193,19974.72
1787562000000,159.194,159.233,159.149,159.203,15402.73
1787565600000,159.203,159.214,159.119,159.204,16745.89
1787569200000,159.206,159.233,158.997,159.066,22430.97
1787572800000,159.065,159.121,158.878,159.048,29409.16
1787576400000,159.047,159.162,159.016,159.107,23403.66
1787580000000,159.109,159.2,159.072,159.198,21475.17
1787583600000,159.2,159.2,159.068,159.175,20542.19
1787587200000,159.174,159.195,159.003,159.073,18648.14
1787590800000,159.071,159.191,158.987,159.157,17632.03
1787594400000,159.156,159.214,159.135,159.193,10975.38
1787598000000,159.182,159.216,159.125,159.162,9826.84
1787601600000,159.162,159.182,159.082,159.082,4067.29
1787605200000,159.081,159.114,159.004,159.068,2123.49
1787608800000,159.068,159.119,159.045,159.101,2099.98
1787612400000,159.1,159.158,159.058,159.134,3906.15
1787616000000,159.134,159.192,159.091,159.187,21992.71
1787619600000,159.189,159.307,159.127,159.265,13536.1
1787623200000,159.267,159.394,159.25,159.36,11095.74
1787626800000,159.36,159.393,159.32,159.33,8101.92
1787630400000,159.328,159.368,159.212,159.303,8338.81
1787634000000,159.3,159.347,159.28,159.331,9446.55
1787637600000,159.332,159.409,159.273,159.409,14944.33
1787641200000,159.409,159.454,159.315,159.443,18829.95
1787644800000,159.443,159.489,159.326,159.345,24536.6
1787648400000,159.347,159.359,159.224,159.281,20625.89
1787652000000,159.284,159.327,159.242,159.283,12667.0
1787655600000,159.283,159.331,159.23,159.251,13921.63
1787659200000,159.249,159.296,159.193,159.294,16168.14
1787662800000,159.295,159.3,159.117,159.21,28769.7
1787666400000,159.21,159.321,159.187,159.252,22075.23
1787670000000,159.251,159.29,159.179,159.213,23543.5
1787673600000,159.212,159.292,159.203,159.274,11434.92
1787677200000,159.273,159.313,159.215,159.219,8769.05
1787680800000,159.219,159.254,159.191,159.223,6822.42
1787684400000,159.222,159.237,159.083,159.142,14370.37
1787688000000,159.14,159.235,159.125,159.175,6666.12
1787691600000,159.161,159.219,159.161,159.202,3679.71
1787695200000,159.201,159.231,159.196,159.2,4557.19
1787698800000,159.202,159.261,159.198,159.214,3694.75
1787702400000,159.215,159.258,159.104,159.163,14084.13
1787706000000,159.163,159.182,158.965,159.049,15675.43
1787709600000,159.05,159.05,158.879,159.037,20546.13
1787713200000,159.036,159.036,158.897,158.96,10443.66
1787716800000,158.959,159.041,158.941,159.032,9841.89
1787720400000,159.036,159.051,158.961,159.013,8254.45
1787724000000,159.01,159.124,159.004,159.055,14211.1
1787727600000,159.055,159.061,158.963,159.011,14569.22
1787731200000,159.011,159.032,158.931,159.01,17870.62
1787734800000,159.011,159.057,158.957,158.988,12043.15
1787738400000,158.991,159.122,158.982,159.092,10382.53
1787742000000,159.095,159.16,159.06,159.083,13203.87
1787745600000,159.083,159.249,158.917,159.235,22910.29
1787749200000,159.235,159.395,159.231,159.395,26199.01
1787752800000,159.395,159.444,159.347,159.406,24548.28
1787756400000,159.408,159.412,159.317,159.367,20745.64
1787760000000,159.366,159.426,159.3,159.416,15422.22
1787763600000,159.416,159.425,159.362,159.393,8482.21
1787767200000,159.392,159.418,159.371,159.399,8985.29
1787770800000,159.398,159.411,159.323,159.345,11036.44
1787774400000,159.345,159.362,159.286,159.291,6146.88
1787778000000,159.289,159.291,159.245,159.27,4576.86
1787781600000,159.265,159.3,159.252,159.267,1824.43
1787785200000,159.262,159.272,159.21,159.252,3685.5
1787788800000,159.251,159.253,159.114,159.182,21730.82
1787792400000,159.184,159.28,159.131,159.25,14225.12
1787796000000,159.249,159.398,159.248,159.332,10659.94
1787799600000,159.333,159.372,159.306,159.346,7178.7
1787803200000,159.346,159.382,159.33,159.36,5917.16
1787806800000,159.361,159.385,159.282,159.364,8007.88
1787810400000,159.365,159.389,159.334,159.357,14062.99
1787814000000,159.356,159.373,159.273,159.357,16125.15
1787817600000,159.357,159.368,159.28,159.323,16223.2
1787821200000,159.323,159.491,159.311,159.48,14777.05
1787824800000,159.48,159.526,159.417,159.476,14644.89
1787828400000,159.478,159.513,159.416,159.44,17274.65
1787832000000,159.44,159.445,159.348,159.413,18760.42
1787835600000,159.413,159.466,159.341,159.363,22340.78
1787839200000,159.362,159.374,159.273,159.33,22198.14
1787842800000,159.329,159.329,159.24,159.261,15350.93
1787846400000,159.262,159.306,159.244,159.293,10928.15
1787850000000,159.291,159.408,159.264,159.404,13496.01
1787853600000,159.405,159.46,159.399,159.432,8888.28
1787857200000,159.431,159.447,159.4,159.416,8208.23
1787860800000,159.415,159.421,159.376,159.388,3452.36
1787864400000,159.382,159.42,159.296,159.375,2605.14
1787868000000,159.375,159.392,159.356,159.358,3493.57
1787871600000,159.359,159.372,159.308,159.314,4484.1
1787875200000,159.314,159.389,159.296,159.364,9040.89
1787878800000,159.364,159.443,159.332,159.432,9062.36
1787882400000,159.433,159.465,159.392,159.44,7279.95
1787886000000,159.44,159.461,159.434,159.449,4022.66
1787889600000,159.448,159.514,159.448,159.497,4160.16
1787893200000,159.496,159.558,159.496,159.523,8981.66
1787896800000,159.522,159.541,159.412,159.419,13939.51
1787900400000,159.42,159.507,159.408,159.501,16933.31
1787904000000,159.502,159.587,159.499,159.572,13364.3
1787907600000,159.573,159.691,159.568,159.688,12844.57
1787911200000,159.688,159.693,159.635,159.637,11427.58
1787914800000,159.638,159.686,159.632,159.652,13069.71
1787918400000,159.653,159.678,159.564,159.576,16681.56
1787922000000,159.577,159.698,159.535,159.672,20451.89
1787925600000,159.674,159.944,159.401,159.872,60351.43
1787929200000,159.873,160.06,159.829,159.979,26727.51
1787932800000,159.979,160.203,159.959,160.194,24797.31
1787936400000,160.195,160.202,160.138,160.182,12884.44
1787940000000,160.181,160.192,160.134,160.136,11835.62
1787943600000,160.137,160.147,160.047,160.081,17094.98
1787947200000,160.081,160.139,160.009,160.009,8018.68
1788123600000,159.969,160.142,159.953,160.135,405.8
1788127200000,160.135,160.161,160.095,160.114,4645.6
1788130800000,160.116,160.199,160.108,160.116,8709.01
1788134400000,160.116,160.117,159.956,159.964,19561.19
1788138000000,159.964,159.979,159.755,159.824,20059.97
1788141600000,159.825,159.844,159.73,159.774,14103.5
1788145200000,159.773,159.843,159.751,159.799,7714.17
1788148800000,159.801,159.83,159.741,159.789,8014.16
1788152400000,159.791,159.874,159.765,159.828,8412.33
1788156000000,159.828,159.913,159.786,159.799,19638.52
1788159600000,159.799,159.819,159.543,159.575,32408.66
1788163200000,159.578,159.749,159.472,159.739,28737.81
1788166800000,159.739,159.765,159.689,159.733,19216.7
1788170400000,159.733,159.776,159.702,159.725,17123.25
1788174000000,159.727,159.731,159.605,159.706,17939.63
1788177600000,159.705,159.883,159.678,159.878,21163.98
1788181200000,159.878,159.895,159.765,159.827,24480.31
1788184800000,159.828,159.854,159.6,159.71,29576.65
1788188400000,159.711,159.8,159.684,159.743,22285.12
1788192000000,159.743,159.743,159.663,159.681,14208.18
1788195600000,159.682,159.721,159.667,159.692,9387.29
1788199200000,159.693,159.813,159.675,159.798,11888.2
1788202800000,159.798,159.816,159.709,159.751,13862.76
1788206400000,159.752,159.774,159.724,159.73,5327.16
1788210000000,159.728,159.77,159.726,159.726,2013.75
1788213600000,159.726,159.784,159.724,159.776,3745.33
1788217200000,159.776,159.827,159.739,159.747,6043.34
1788220800000,159.749,159.835,159.634,159.797,19609.64
1788224400000,159.798,159.847,159.704,159.751,14954.31
1788228000000,159.752,159.843,159.752,159.787,10572.02
1788231600000,159.788,159.813,159.767,159.804,3531.37
1788235200000,159.807,159.883,159.801,159.87,5064.48
1788238800000,159.871,159.903,159.827,159.88,7375.81
1788242400000,159.881,159.981,159.864,159.944,12477.76
1788246000000,159.946,160.022,159.919,159.984,16848.63
1788249600000,159.985,160.024,159.921,159.927,12939.87
1788253200000,159.926,160.06,159.89,160.052,11572.1
1788256800000,160.053,160.111,159.981,160.088,12668.7
1788260400000,160.089,160.147,159.984,160.112,23788.71
1788264000000,160.112,160.208,160.018,160.105,20040.86
1788267600000,160.106,160.164,160.024,160.024,24483.72
1788271200000,160.024,160.09,159.891,160.074,23134.02
1788274800000,160.074,160.108,160.018,160.031,14043.34
1788278400000,160.031,160.176,160.005,160.165,15951.01
1788282000000,160.164,160.248,160.146,160.244,11778.58
1788285600000,160.243,160.273,160.191,160.201,8055.53
1788289200000,160.201,160.249,160.178,160.225,7438.07
1788292800000,160.226,160.243,160.166,160.166,4700.85
1788296400000,160.166,160.192,160.122,160.149,5102.28
1788300000000,160.154,160.206,160.136,160.204,2990.78
1788303600000,160.204,160.23,160.152,160.2,4742.81
1788307200000,160.202,160.292,160.133,160.291,19492.56
1788310800000,160.291,160.392,160.267,160.368,15552.52
1788314400000,160.369,160.391,160.245,160.263,16039.86
1788318000000,160.262,160.271,160.199,160.21,7482.33
1788321600000,160.211,160.215,160.035,160.11,13250.29
1788325200000,160.11,160.132,159.799,159.822,23847.0
1788328800000,159.821,159.821,159.434,159.593,55556.97
1788332400000,159.594,159.766,159.547,159.692,29256.13
1788336000000,159.692,159.855,159.642,159.853,27849.11
1788339600000,159.853,159.882,159.771,159.858,18597.35
1788343200000,159.858,159.922,159.839,159.892,18137.93
1788346800000,159.893,159.904,159.62,159.63,25046.61
1788350400000,159.629,159.711,159.497,159.591,32047.32
1788354000000,159.592,159.615,158.209,158.566,54109.74
1788357600000,158.563,158.856,158.506,158.741,41718.74
1788361200000,158.745,158.827,158.604,158.793,34463.53
1788364800000,158.794,158.883,158.783,158.848,25864.96
1788368400000,158.847,158.962,158.768,158.878,26782.85
1788372000000,158.878,158.974,158.827,158.937,17377.46
1788375600000,158.937,159.011,158.756,158.768,13380.56
1788379200000,158.767,158.783,158.613,158.699,13041.09
1788382800000,158.699,158.71,158.631,158.677,8850.54
1788386400000,158.676,158.839,158.674,158.77,10812.77
1788390000000,158.771,158.934,158.755,158.899,11608.81
1788393600000,158.899,158.965,158.548,158.71,32966.09
1788397200000,158.712,158.723,158.222,158.504,36944.34
1788400800000,158.505,158.526,157.916,158.027,39581.43
1788404400000,158.027,158.03,157.625,157.772,29175.05
1788408000000,157.771,157.87,157.545,157.678,14789.16
1788411600000,157.679,157.787,157.367,157.371,16501.22
1788415200000,157.372,157.433,157.0,157.128,51189.22
1788418800000,157.129,157.368,156.353,157.047,38923.85
1788422400000,157.048,157.143,156.531,156.697,20176.22
1788426000000,156.697,156.855,156.196,156.411,27164.04
1788429600000,156.41,156.477,156.173,156.317,21602.84
1788433200000,156.317,156.363,155.839,156.09,26008.05
1788436800000,156.09,156.158,155.392,155.561,53251.67
1788440400000,155.561,155.741,155.383,155.386,59052.15
1788444000000,155.385,155.782,155.341,155.421,63007.72
1788447600000,155.421,155.75,155.347,155.388,48916.71
1788451200000,155.389,155.442,155.299,155.357,35257.85
1788454800000,155.357,155.491,155.35,155.467,25874.37
1788458400000,155.466,155.58,155.389,155.495,21012.12
1788462000000,155.495,155.851,155.484,155.75,24769.8
1788465600000,155.75,155.812,155.728,155.797,8421.99
1788469200000,155.794,155.895,155.792,155.845,2367.68
1788472800000,155.843,156.139,155.806,156.118,6880.48
1788476400000,156.119,156.165,155.627,155.639,19030.32
1788480000000,155.638,155.958,155.294,155.768,28816.34
1788483600000,155.767,156.075,155.675,155.856,28652.47
1788487200000,155.855,156.092,155.777,156.066,12898.2
1788490800000,156.069,156.439,156.034,156.366,13345.34
1788494400000,156.365,156.446,156.252,156.323,13891.13
1788498000000,156.321,156.418,156.232,156.334,9886.87
1788501600000,156.335,156.443,156.079,156.271,38777.34
1788505200000,156.269,156.408,156.212,156.303,20522.67
1788508800000,156.302,156.434,156.29,156.413,15965.62
1788512400000,156.415,156.582,156.307,156.479,19200.89
1788516000000,156.479,156.483,156.281,156.326,15494.98
1788519600000,156.326,156.367,156.173,156.264,16401.28
1788523200000,156.264,156.756,155.352,155.682,52445.0
1788526800000,155.681,156.142,155.486,155.846,51324.5
1788530400000,155.848,156.194,155.833,156.118,50073.39
1788534000000,156.119,156.169,155.932,156.112,36382.0
1788537600000,156.113,156.135,155.977,155.997,20765.36
1788541200000,156.0,156.192,156.0,156.143,18521.56
1788544800000,156.145,156.282,156.119,156.223,16346.81
1788548400000,156.224,156.257,156.198,156.236,9741.1
1788552000000,156.237,156.272,156.176,156.231,5750.15
